program_id,level_encoded,goal_encoded,equipment_encoded,program_length_weeks,time_per_workout_minutes,has_cardio,has_strength,has_yoga,has_hiit
0,0,9,5,0.3529412,0.23529412,0,1,1,0
1,1,7,4,0.64705884,0.47058824,0,1,0,0
2,0,2,4,0.4117647,0.29411766,1,1,0,0
3,0,2,4,0.3529412,0.47058824,0,1,0,0
4,1,2,4,1.0,0.3529412,0,1,0,0
5,1,2,4,0.5882353,0.88235295,0,1,0,0
6,1,10,4,0.64705884,0.29411766,1,1,0,0
7,1,2,4,0.11764706,0.11764706,0,1,0,0
8,0,1,4,0.64705884,0.29411766,1,1,0,0
9,0,2,4,0.29411766,0.47058824,0,1,0,0
10,0,2,3,0.64705884,0.23529412,0,1,0,0
11,0,2,4,0.47058824,0.3529412,0,1,0,0
12,1,2,4,1.0,0.0,0,1,0,0
13,1,1,5,0.29411766,0.29411766,0,1,0,0
14,0,2,4,0.64705884,0.1764706,0,1,0,0
15,0,8,4,0.23529412,0.64705884,1,1,0,0
16,1,1,4,0.64705884,0.29411766,0,1,0,0
17,1,2,0,0.29411766,0.29411766,0,1,0,0
18,0,8,0,0.64705884,0.29411766,1,1,0,0
19,0,1,4,1.0,0.23529412,0,1,0,0
20,1,2,5,0.3529412,0.3529412,0,1,0,0
21,1,11,4,0.88235295,0.1764706,0,1,0,0
22,0,2,4,0.64705884,0.4117647,0,1,0,0
23,1,1,3,0.4117647,0.11764706,1,1,0,0
24,0,8,4,0.5882353,0.29411766,1,1,0,0
25,0,8,5,0.4117647,0.29411766,0,1,0,0
26,0,2,4,0.88235295,0.47058824,0,1,0,0
27,0,2,4,0.1764706,0.3529412,0,1,0,0
28,1,2,0,0.4117647,0.1764706,0,1,0,0
29,0,2,4,0.4117647,0.29411766,1,1,0,0
30,0,8,4,0.64705884,0.1764706,0,1,0,0
31,0,8,4,0.4117647,0.3529412,1,1,0,0
32,2,2,4,0.1764706,0.11764706,0,1,0,0
33,2,2,5,1.0,0.29411766,0,1,0,0
34,0,2,4,0.64705884,0.1764706,0,1,0,0
35,0,11,4,0.64705884,0.1764706,1,1,0,0
36,0,1,4,0.5294118,0.47058824,0,1,0,0
37,0,8,5,0.11764706,0.29411766,0,1,0,0
38,0,10,4,0.1764706,0.47058824,0,1,0,0
39,0,2,4,0.23529412,0.29411766,0,1,0,0
40,0,10,0,0.1764706,0.0,1,1,0,0
41,0,3,5,0.0,0.29411766,1,1,0,0
42,1,1,4,0.4117647,0.29411766,1,1,0,1
43,0,1,4,0.1764706,0.05882353,0,1,0,0
44,0,1,0,0.4117647,0.1764706,0,1,0,0
45,1,8,0,0.4117647,0.23529412,1,1,0,0
46,0,1,4,0.64705884,0.47058824,0,1,0,0
47,0,11,4,0.4117647,0.29411766,0,1,0,0
48,0,10,4,0.29411766,0.5294118,0,1,0,0
49,1,2,4,0.64705884,0.29411766,0,1,0,0
50,1,10,4,0.4117647,0.29411766,0,1,0,0
51,0,10,4,0.1764706,0.4117647,0,1,0,0
52,0,2,4,0.88235295,0.29411766,0,1,0,0
53,0,10,4,0.64705884,0.29411766,0,1,0,0
54,0,2,4,0.64705884,0.64705884,0,1,0,0
55,0,2,5,0.88235295,0.3529412,1,1,0,0
56,2,10,4,0.64705884,0.64705884,0,1,0,0
57,0,2,4,0.64705884,0.29411766,0,1,0,0
58,0,2,4,0.64705884,0.47058824,0,1,0,0
59,1,10,3,0.64705884,0.3529412,0,1,0,0
60,1,2,4,0.5294118,0.23529412,0,1,0,0
61,1,10,4,0.29411766,0.47058824,0,1,0,0
62,0,8,3,0.5294118,0.23529412,1,1,0,0
63,0,8,4,0.1764706,0.3529412,0,1,0,0
64,1,10,4,0.64705884,0.4117647,0,1,0,0
65,0,2,4,1.0,0.64705884,0,1,0,0
66,0,2,4,0.64705884,0.23529412,1,1,0,0
67,0,1,4,0.29411766,0.11764706,0,1,0,0
68,0,1,4,0.64705884,0.64705884,0,1,0,0
69,0,11,4,0.29411766,0.64705884,0,1,0,0
70,0,11,5,0.1764706,0.05882353,1,1,0,0
71,1,2,5,0.1764706,0.29411766,0,1,0,0
72,1,2,4,0.0,0.4117647,0,1,0,0
73,1,2,4,0.64705884,0.47058824,0,1,0,0
74,0,2,4,0.4117647,0.29411766,0,1,0,0
75,0,2,4,0.64705884,0.3529412,0,1,0,0
76,1,2,4,0.23529412,0.3529412,0,1,0,0
77,1,1,4,0.29411766,0.1764706,1,1,0,0
78,0,2,5,0.1764706,0.1764706,0,1,0,0
79,0,2,4,0.1764706,0.5294118,0,1,0,0
80,0,10,4,0.64705884,0.47058824,0,1,0,0
81,0,2,4,0.47058824,0.3529412,0,1,0,0
82,0,11,4,0.64705884,0.47058824,0,1,0,0
83,1,10,4,0.4117647,0.05882353,0,1,0,0
84,0,1,4,0.1764706,0.3529412,0,1,0,0
85,0,8,5,0.29411766,0.47058824,0,1,0,0
86,0,2,4,0.29411766,0.1764706,0,1,0,0
87,0,8,4,0.05882353,0.47058824,0,1,0,0
88,0,8,4,0.64705884,0.47058824,1,1,0,0
89,0,8,4,0.29411766,0.29411766,0,1,0,0
90,0,2,4,0.23529412,0.3529412,0,1,0,0
91,0,8,3,0.0,0.29411766,1,1,0,0
92,0,8,4,0.7058824,0.29411766,0,1,0,0
93,0,1,4,0.4117647,0.29411766,0,1,0,0
94,0,1,0,1.0,0.47058824,1,1,0,0
95,0,3,0,0.5294118,0.11764706,1,1,0,0
96,0,1,3,0.4117647,0.05882353,1,1,0,0
97,0,1,4,0.64705884,0.64705884,0,1,0,0
98,1,11,4,0.4117647,0.3529412,1,1,0,0
99,0,1,4,0.5294118,0.4117647,1,1,0,0
100,1,2,4,0.64705884,0.23529412,0,1,0,0
101,0,2,4,0.1764706,0.3529412,0,1,0,0
102,0,1,5,0.29411766,0.29411766,0,1,0,0
103,0,1,4,0.4117647,0.47058824,1,1,0,0
104,0,11,4,0.1764706,0.29411766,0,1,0,0
105,0,2,4,0.64705884,0.23529412,0,1,0,0
106,0,2,3,0.23529412,0.1764706,0,1,0,0
107,0,2,4,0.23529412,0.5294118,0,1,0,0
108,0,2,4,0.64705884,0.5294118,0,1,0,0
109,0,2,4,0.8235294,0.3529412,0,1,0,0
110,0,11,3,0.64705884,0.29411766,0,1,0,0
111,0,2,5,0.29411766,0.29411766,0,1,0,0
112,0,2,4,0.0,0.11764706,0,1,0,0
113,0,2,4,0.88235295,0.3529412,0,1,0,0
114,0,2,4,0.64705884,0.64705884,0,1,0,0
115,1,2,4,0.11764706,0.47058824,0,1,0,0
116,1,2,5,0.88235295,0.1764706,0,1,0,0
117,1,8,4,0.1764706,0.64705884,0,1,0,0
118,1,8,4,0.4117647,0.47058824,0,1,0,0
119,0,10,5,0.64705884,0.1764706,0,1,0,0
120,0,2,4,0.4117647,0.23529412,1,1,0,0
121,0,2,4,0.0,0.3529412,0,1,0,0
122,0,2,4,0.64705884,0.47058824,0,1,0,0
123,0,2,4,0.4117647,0.3529412,0,1,0,0
124,1,2,4,0.64705884,0.5294118,0,1,0,0
125,0,2,4,0.4117647,0.3529412,0,1,0,0
126,0,2,4,0.64705884,0.29411766,1,1,0,0
127,1,10,4,0.11764706,0.29411766,1,1,0,0
128,1,10,5,0.4117647,0.29411766,0,1,0,0
129,1,11,5,0.1764706,0.23529412,0,1,0,0
130,1,10,5,0.29411766,0.5294118,0,1,0,0
131,1,11,4,0.0,0.29411766,1,1,0,0
132,0,11,4,0.64705884,0.29411766,0,1,0,0
133,1,8,5,0.1764706,0.29411766,0,1,0,0
134,1,8,5,0.29411766,0.11764706,0,1,0,0
135,1,2,4,0.47058824,0.47058824,0,1,0,0
136,2,2,5,1.0,0.23529412,0,1,0,0
137,0,11,4,0.5294118,0.47058824,0,1,0,0
138,1,2,5,0.88235295,0.23529412,0,1,0,0
139,0,1,4,0.88235295,0.29411766,0,1,0,0
140,1,2,5,0.1764706,0.29411766,0,1,0,0
141,0,10,4,0.64705884,0.4117647,0,1,0,0
142,1,2,4,0.64705884,0.29411766,0,1,0,0
143,0,2,4,0.64705884,0.1764706,0,1,0,0
144,0,2,4,0.64705884,0.4117647,0,1,0,0
145,1,2,4,0.29411766,0.29411766,0,1,0,0
146,1,10,4,0.64705884,0.4117647,0,1,0,0
147,2,2,4,0.64705884,0.47058824,0,1,0,0
148,1,11,4,0.64705884,0.29411766,0,1,0,0
149,1,2,4,0.88235295,0.64705884,0,1,0,0
150,2,11,4,0.64705884,1.0,0,1,0,0
151,1,11,4,0.64705884,0.29411766,0,1,0,0
152,2,2,4,0.5294118,0.29411766,0,1,0,0
153,0,2,4,0.4117647,0.29411766,0,1,0,0
154,0,10,4,0.64705884,0.5294118,0,1,0,0
155,1,10,3,0.29411766,0.1764706,0,1,0,0
156,0,2,4,0.64705884,0.4117647,0,1,0,0
157,0,2,3,0.1764706,0.11764706,0,1,0,0
158,0,2,4,0.3529412,0.3529412,0,1,0,0
159,0,1,4,0.64705884,0.1764706,0,1,0,0
160,0,2,4,0.11764706,0.1764706,0,1,0,0
161,0,2,4,0.11764706,0.4117647,1,1,0,0
162,0,10,4,0.64705884,0.5294118,0,1,0,0
163,1,2,4,0.64705884,0.3529412,0,1,0,0
164,1,2,5,0.5294118,0.4117647,0,1,0,0
165,0,10,4,0.64705884,0.47058824,1,1,0,0
166,0,10,4,0.64705884,0.3529412,0,1,0,0
167,1,10,4,0.1764706,0.29411766,0,1,0,0
168,1,2,4,0.11764706,1.0,1,1,0,1
169,0,8,4,0.1764706,0.4117647,0,1,0,0
170,1,2,4,0.47058824,0.29411766,0,1,0,0
171,1,2,4,0.1764706,0.29411766,0,1,0,0
172,0,2,5,0.64705884,0.29411766,0,1,0,0
173,0,2,4,0.1764706,0.29411766,0,1,0,0
174,0,2,5,0.5294118,0.1764706,0,1,0,0
175,1,10,4,0.64705884,0.47058824,0,1,0,0
176,1,2,4,0.88235295,0.0,1,1,0,1
177,0,2,4,0.11764706,0.29411766,0,1,0,0
178,0,2,4,0.64705884,0.23529412,0,1,0,0
179,0,8,4,0.4117647,0.29411766,1,1,0,0
180,0,2,4,0.64705884,0.29411766,0,1,0,0
181,0,2,4,0.88235295,0.1764706,1,0,0,0
182,0,1,4,0.64705884,0.3529412,1,1,0,0
183,0,11,5,0.23529412,0.11764706,0,1,0,0
184,0,11,4,0.88235295,0.23529412,0,1,0,0
185,2,8,5,0.64705884,0.47058824,0,1,0,0
186,0,10,5,0.64705884,0.29411766,0,1,0,0
187,1,8,4,0.0,0.7647059,0,1,0,0
188,1,8,4,0.1764706,0.23529412,0,1,0,0
189,0,2,4,0.29411766,0.47058824,0,1,0,0
190,0,10,5,0.0,0.47058824,1,1,0,0
191,0,10,0,0.64705884,0.11764706,0,1,0,0
192,1,2,4,0.29411766,0.29411766,0,1,0,0
193,1,2,4,0.29411766,0.29411766,0,1,0,0
194,1,2,0,0.3529412,0.11764706,1,1,0,0
195,1,2,5,0.11764706,0.29411766,1,1,0,0
196,0,3,4,0.29411766,0.64705884,0,1,0,0
197,0,1,4,0.64705884,0.64705884,0,1,0,0
198,1,10,5,0.1764706,0.47058824,0,1,0,0
199,1,10,5,0.1764706,0.29411766,0,1,0,0
200,1,10,4,0.64705884,0.5294118,0,1,0,0
201,1,1,4,0.7058824,0.29411766,0,1,0,1
202,0,1,4,0.4117647,0.4117647,0,1,0,0
203,0,1,4,0.64705884,0.3529412,0,1,0,0
204,0,2,4,0.1764706,0.4117647,0,1,0,0
205,0,2,5,0.88235295,0.1764706,0,1,0,0
206,0,1,3,0.1764706,0.1764706,0,1,0,0
207,0,1,4,0.88235295,0.47058824,0,1,0,0
208,2,2,5,0.29411766,0.1764706,0,1,0,0
209,2,2,5,0.4117647,0.29411766,0,1,0,0
210,1,1,5,0.64705884,0.4117647,0,1,0,0
211,1,10,4,0.0,0.29411766,0,1,0,0
212,1,10,4,0.29411766,0.29411766,0,1,0,0
213,1,2,4,0.64705884,0.3529412,1,1,0,0
214,0,1,5,0.29411766,0.05882353,0,1,0,0
215,1,11,3,0.64705884,0.1764706,0,1,0,0
216,0,2,4,0.23529412,0.4117647,1,1,0,0
217,1,1,4,0.29411766,0.3529412,0,1,0,0
218,1,1,4,0.29411766,0.4117647,0,1,0,0
219,0,2,5,0.4117647,0.29411766,1,1,0,0
220,0,2,4,0.3529412,0.3529412,1,1,0,0
221,0,8,4,0.4117647,0.47058824,0,1,0,0
222,0,8,4,0.11764706,0.11764706,0,1,0,0
223,0,8,4,0.29411766,0.3529412,0,1,0,0
224,0,2,4,0.64705884,0.4117647,0,1,0,0
225,1,8,4,0.29411766,0.29411766,0,1,0,0
226,1,8,5,0.1764706,0.23529412,0,1,0,0
227,1,8,0,0.88235295,0.47058824,0,1,0,1
228,0,3,4,0.5294118,0.47058824,0,1,0,0
229,0,11,4,0.64705884,0.47058824,0,1,0,0
230,1,10,4,0.64705884,0.29411766,1,1,0,0
231,0,2,4,0.64705884,0.29411766,1,1,0,0
232,1,2,4,0.64705884,0.47058824,0,1,0,0
233,1,11,4,0.64705884,0.29411766,0,1,0,0
234,2,2,4,0.64705884,0.47058824,1,1,0,0
235,2,2,5,0.4117647,0.29411766,0,1,0,0
236,0,2,4,0.1764706,0.47058824,0,1,0,0
237,0,8,5,0.64705884,0.29411766,0,1,0,0
238,0,8,5,0.64705884,0.1764706,1,1,0,0
239,0,8,4,0.1764706,0.29411766,0,1,0,0
240,0,8,4,0.4117647,0.4117647,0,1,0,0
241,1,2,4,0.64705884,0.29411766,0,1,0,0
242,0,2,4,0.0,0.64705884,0,1,0,0
243,0,2,4,0.64705884,0.5882353,0,1,0,0
244,0,11,5,0.64705884,0.5294118,0,1,0,0
245,2,10,4,0.88235295,0.29411766,0,1,0,0
246,1,2,4,0.23529412,0.29411766,1,1,0,0
247,0,10,4,0.64705884,0.29411766,1,1,0,0
248,0,8,4,0.64705884,0.29411766,0,1,0,0
249,0,2,4,0.4117647,0.29411766,0,1,0,0
250,1,2,4,0.29411766,0.29411766,0,1,0,0
251,1,10,4,0.4117647,0.47058824,0,1,0,0
252,1,10,5,0.5294118,0.3529412,0,1,0,0
253,2,2,0,0.1764706,0.29411766,1,0,1,0
254,2,2,4,0.4117647,0.47058824,0,1,0,0
255,2,2,4,0.4117647,0.29411766,0,1,0,0
256,0,2,4,0.1764706,0.23529412,0,1,0,0
257,0,2,4,0.29411766,0.3529412,0,1,0,0
258,0,2,4,0.64705884,0.4117647,0,1,0,0
259,1,2,4,0.64705884,0.5882353,0,1,0,0
260,1,1,4,0.64705884,0.4117647,0,1,0,0
261,0,3,4,0.88235295,0.47058824,1,1,0,0
262,0,8,3,0.29411766,0.1764706,0,1,0,0
263,0,8,4,0.29411766,0.47058824,0,1,0,0
264,1,2,4,0.1764706,0.05882353,1,1,0,0
265,0,1,4,0.88235295,0.47058824,0,1,0,0
266,1,2,4,0.4117647,0.47058824,0,1,0,0
267,1,2,5,0.88235295,0.11764706,0,1,0,0
268,0,8,5,0.29411766,0.1764706,0,1,0,0
269,0,8,5,0.29411766,0.4117647,0,1,0,0
270,0,8,4,0.29411766,0.23529412,0,1,0,0
271,0,10,4,0.4117647,0.29411766,0,1,0,0
272,1,8,4,0.64705884,0.47058824,1,1,0,0
273,1,2,4,0.64705884,0.64705884,1,1,0,0
274,1,1,4,0.64705884,0.47058824,0,1,0,0
275,1,2,5,0.1764706,0.23529412,1,1,0,0
276,1,2,5,0.5294118,0.23529412,1,1,0,0
277,0,3,4,0.64705884,0.3529412,0,1,0,0
278,1,10,4,0.64705884,0.5882353,1,1,0,0
279,0,10,4,1.0,0.29411766,0,1,0,0
280,1,2,4,0.64705884,0.47058824,1,1,0,0
281,1,2,5,0.64705884,0.8235294,0,1,0,0
282,1,2,4,0.5294118,0.4117647,0,1,0,0
283,1,2,5,0.1764706,0.64705884,0,1,0,0
284,1,2,4,0.29411766,0.4117647,0,1,0,1
285,0,11,4,0.4117647,0.23529412,0,1,0,0
286,0,8,4,0.1764706,0.1764706,0,1,0,0
287,0,2,4,0.64705884,0.47058824,0,1,0,0
288,1,8,4,0.64705884,0.4117647,0,1,0,0
289,0,2,4,0.64705884,0.64705884,0,1,0,0
290,0,2,0,0.64705884,0.29411766,1,1,0,0
291,1,8,4,0.4117647,0.47058824,1,1,0,0
292,1,2,4,0.4117647,0.64705884,0,1,0,0
293,0,2,4,0.1764706,0.5882353,0,1,0,0
294,0,2,4,0.64705884,0.29411766,1,1,0,0
295,1,2,4,0.4117647,0.4117647,0,1,0,0
296,0,2,4,0.47058824,0.3529412,0,1,0,0
297,0,10,4,0.4117647,0.29411766,0,1,0,0
298,0,10,4,0.5294118,0.29411766,0,1,0,0
299,0,10,4,0.7058824,0.64705884,0,1,0,0
300,1,2,4,0.64705884,0.3529412,0,1,0,0
301,0,2,5,0.4117647,0.4117647,1,1,0,0
302,0,1,4,0.64705884,0.47058824,0,1,0,0
303,0,1,3,0.1764706,0.11764706,0,1,0,0
304,0,1,4,0.23529412,0.64705884,0,1,0,0
305,0,2,4,0.4117647,0.1764706,0,1,0,0
306,0,2,4,0.5294118,0.64705884,0,1,0,0
307,0,2,4,0.4117647,0.47058824,0,1,0,0
308,1,11,5,0.1764706,0.29411766,1,1,0,0
309,1,10,4,0.64705884,0.4117647,0,1,0,0
310,0,2,4,0.0,0.23529412,0,1,0,0
311,0,2,5,0.4117647,0.5294118,0,1,0,0
312,0,2,0,0.1764706,0.29411766,1,1,0,1
313,0,2,4,0.5882353,0.64705884,0,1,0,0
314,1,8,4,0.64705884,0.3529412,1,1,0,0
315,1,1,4,0.88235295,0.29411766,0,1,0,0
316,1,1,4,0.64705884,0.47058824,0,1,0,0
317,0,10,4,0.5294118,0.29411766,0,1,0,0
318,0,2,4,0.3529412,0.05882353,0,1,0,0
319,0,2,4,0.64705884,0.4117647,0,1,0,0
320,1,2,4,0.4117647,0.1764706,0,1,0,0
321,1,2,4,0.47058824,0.29411766,0,1,0,0
322,0,2,4,0.7058824,0.29411766,1,1,0,0
323,0,2,4,0.0,0.64705884,0,1,0,0
324,0,2,4,0.4117647,0.29411766,0,1,0,0
325,0,2,4,0.1764706,0.23529412,0,1,0,0
326,0,2,5,0.64705884,0.3529412,0,1,0,0
327,0,2,5,0.1764706,0.64705884,0,1,0,0
328,0,2,5,0.47058824,0.3529412,0,1,0,0
329,0,10,4,0.5294118,0.3529412,0,1,0,0
330,0,11,4,0.5294118,0.47058824,0,1,0,0
331,0,2,5,0.05882353,0.47058824,0,1,0,0
332,0,2,4,1.0,0.4117647,0,1,0,0
333,1,2,4,0.1764706,0.29411766,1,1,0,0
334,1,2,4,0.1764706,0.29411766,0,1,0,0
335,1,2,4,0.5294118,0.64705884,0,1,0,0
336,1,2,4,0.64705884,0.29411766,1,1,0,0
337,0,2,4,1.0,0.64705884,1,1,0,0
338,1,2,4,0.3529412,0.3529412,0,1,0,0
339,1,2,4,0.0,0.64705884,0,1,0,0
340,1,2,4,0.3529412,0.4117647,0,1,0,0
341,1,2,4,0.1764706,0.47058824,1,1,0,1
342,0,2,4,0.4117647,0.47058824,0,1,0,0
343,1,10,4,0.64705884,0.3529412,0,1,0,0
344,0,2,5,0.47058824,0.3529412,0,1,0,0
345,0,8,4,0.29411766,0.29411766,0,1,0,0
346,1,10,4,0.5882353,0.47058824,0,1,0,0
347,1,2,4,0.0,0.47058824,0,1,0,0
348,0,10,5,0.1764706,0.1764706,0,1,0,0
349,0,10,4,0.4117647,0.4117647,0,1,0,0
350,0,10,4,0.05882353,0.11764706,1,1,0,0
351,0,10,4,0.3529412,0.47058824,0,1,0,0
352,0,11,4,0.11764706,0.29411766,0,1,0,0
353,1,11,3,0.1764706,0.05882353,0,1,0,0
354,1,11,5,0.0,0.11764706,0,1,0,1
355,1,7,4,0.0,0.29411766,0,1,0,0
356,1,10,4,0.4117647,0.29411766,0,1,0,0
357,0,8,4,0.64705884,0.47058824,0,1,0,0
358,1,10,4,0.88235295,0.4117647,0,1,0,0
359,0,2,4,0.64705884,0.3529412,0,1,0,0
360,0,2,5,0.0,0.29411766,0,1,0,0
361,0,2,4,0.47058824,0.47058824,0,1,0,0
362,0,2,4,0.29411766,0.29411766,0,1,0,0
363,0,2,4,0.47058824,0.29411766,1,1,0,0
364,0,2,4,0.29411766,0.29411766,0,1,0,1
365,0,2,4,0.88235295,0.47058824,0,1,0,0
366,0,1,4,0.64705884,1.0,0,1,0,0
367,1,2,5,0.64705884,0.23529412,0,1,0,0
368,1,8,4,0.3529412,0.47058824,0,1,0,0
369,1,8,4,0.29411766,0.29411766,0,1,0,0
370,1,8,5,0.1764706,0.23529412,0,1,0,0
371,0,2,4,0.64705884,0.1764706,0,1,0,0
372,0,10,4,0.64705884,0.29411766,1,1,0,0
373,0,2,4,0.4117647,0.3529412,0,1,0,0
374,1,2,5,0.29411766,0.3529412,0,1,0,0
375,1,2,5,0.5294118,0.64705884,0,1,0,0
376,1,2,0,0.29411766,0.29411766,0,1,0,1
377,1,2,5,0.64705884,0.29411766,0,1,0,0
378,1,1,4,0.64705884,0.29411766,0,1,0,0
379,0,2,4,0.1764706,0.4117647,1,1,0,0
380,0,2,4,0.64705884,0.3529412,0,1,0,0
381,1,2,5,0.3529412,0.29411766,0,1,0,0
382,1,2,4,0.29411766,0.64705884,0,1,0,0
383,1,2,0,0.64705884,0.29411766,1,1,0,0
384,0,8,4,0.88235295,0.47058824,0,1,0,0
385,1,2,5,0.1764706,0.11764706,0,1,0,0
386,1,2,4,0.64705884,0.29411766,0,1,0,0
387,1,2,4,0.11764706,0.29411766,1,1,0,0
388,1,2,4,0.64705884,0.29411766,0,1,0,0
389,1,1,5,0.23529412,0.47058824,0,1,0,0
390,2,10,3,0.64705884,0.1764706,0,1,0,0
391,1,2,4,0.88235295,0.64705884,0,1,0,0
392,1,10,5,0.1764706,0.3529412,0,1,0,0
393,1,10,4,0.4117647,0.4117647,1,1,0,0
394,1,10,0,0.29411766,0.1764706,0,1,0,0
395,1,2,4,0.4117647,0.29411766,0,1,0,0
396,1,2,4,0.88235295,0.3529412,0,1,0,0
397,0,2,4,0.23529412,0.3529412,0,1,0,0
398,0,2,4,0.1764706,0.47058824,0,1,0,0
399,0,2,4,0.64705884,0.29411766,0,1,0,0
400,0,8,5,0.64705884,0.29411766,0,1,0,0
401,0,8,4,0.64705884,0.29411766,0,1,0,0
402,0,2,4,0.5294118,0.3529412,0,1,0,0
403,0,1,4,0.1764706,0.29411766,0,1,0,0
404,0,1,3,0.1764706,0.1764706,0,1,0,0
405,0,1,0,1.0,0.11764706,0,1,0,0
406,0,8,4,0.1764706,0.29411766,0,1,0,0
407,0,2,5,0.29411766,0.29411766,1,1,0,0
408,0,3,4,0.64705884,0.29411766,0,1,0,0
409,0,10,4,0.4117647,0.29411766,1,1,0,0
410,0,8,4,0.4117647,0.47058824,0,1,0,0
411,1,1,5,0.11764706,0.29411766,0,1,0,0
412,1,2,4,0.64705884,0.29411766,0,1,0,0
413,0,2,4,0.4117647,0.64705884,0,1,0,0
414,0,11,4,0.64705884,0.29411766,1,1,0,0
415,0,2,4,0.23529412,0.47058824,0,1,0,0
416,0,2,4,0.88235295,0.29411766,0,1,0,0
417,0,2,4,0.7058824,0.47058824,0,1,0,0
418,0,2,4,0.1764706,0.29411766,0,1,0,0
419,0,2,5,0.4117647,0.1764706,0,1,0,0
420,0,2,4,0.11764706,0.4117647,0,1,0,0
421,0,2,4,0.4117647,0.23529412,0,1,0,0
422,0,11,4,0.64705884,0.29411766,0,1,0,0
423,0,2,4,0.64705884,0.47058824,0,1,0,0
424,2,2,5,0.4117647,0.11764706,0,1,0,0
425,2,2,5,0.1764706,0.23529412,0,1,0,0
426,2,2,4,0.64705884,0.29411766,0,1,0,0
427,1,10,4,0.4117647,0.0,0,1,0,0
428,1,2,4,0.05882353,0.3529412,1,1,0,0
429,1,2,4,0.29411766,0.3529412,0,1,0,0
430,0,1,4,0.4117647,0.3529412,0,1,0,0
431,0,2,4,0.29411766,0.23529412,0,1,0,0
432,0,1,4,0.64705884,0.3529412,0,1,0,0
433,0,1,4,0.64705884,0.29411766,0,1,0,0
434,0,1,5,0.11764706,0.11764706,0,1,0,0
435,0,1,4,1.0,0.47058824,0,1,0,0
436,1,2,5,0.1764706,0.23529412,0,1,0,0
437,1,2,4,0.5294118,0.4117647,0,1,0,0
438,0,11,4,0.1764706,0.4117647,0,1,0,0
439,0,11,4,0.4117647,0.47058824,0,1,0,0
440,1,1,5,0.4117647,0.29411766,0,1,0,0
441,0,2,4,0.4117647,0.64705884,1,1,0,0
442,0,2,5,0.11764706,0.29411766,0,1,0,0
443,0,2,3,0.23529412,0.1764706,0,1,0,0
444,0,2,4,0.64705884,0.47058824,1,1,0,0
445,1,2,5,0.88235295,0.11764706,0,1,0,0
446,1,2,4,0.7647059,0.29411766,1,1,0,1
447,1,1,4,0.4117647,0.3529412,0,1,0,0
448,1,1,5,0.29411766,0.4117647,0,1,0,0
449,1,2,4,0.47058824,0.47058824,0,1,0,0
450,1,2,4,1.0,0.1764706,0,1,0,0
451,1,3,4,0.64705884,0.23529412,0,1,0,0
452,1,3,0,0.23529412,0.0,0,1,0,0
453,1,3,4,0.64705884,0.3529412,0,1,0,0
454,0,1,4,0.64705884,0.0,1,1,0,0
455,0,2,5,0.0,0.29411766,0,1,0,0
456,0,2,3,0.88235295,0.29411766,0,1,0,0
457,1,8,4,0.0,0.47058824,0,1,0,0
458,1,8,4,1.0,0.29411766,1,1,0,1
459,1,2,4,0.7647059,0.47058824,0,1,0,0
460,1,2,3,0.23529412,0.1764706,0,1,0,0
461,1,2,4,0.64705884,0.47058824,0,1,0,1
462,0,8,0,1.0,0.29411766,0,1,0,0
463,1,1,4,0.4117647,0.29411766,1,1,0,0
464,1,1,5,0.5294118,0.8235294,0,1,0,0
465,1,1,4,0.5294118,0.1764706,0,1,0,0
466,0,10,4,0.64705884,0.4117647,0,1,0,0
467,1,2,4,0.64705884,0.64705884,0,1,0,0
468,1,2,4,0.1764706,0.3529412,0,1,0,0
469,1,2,4,0.0,0.29411766,0,1,0,1
470,1,2,4,0.0,0.3529412,0,1,0,0
471,1,2,4,0.1764706,0.47058824,1,1,0,0
472,0,2,0,0.29411766,0.11764706,0,1,0,0
473,0,1,0,0.64705884,0.11764706,0,1,0,0
474,0,3,4,0.23529412,0.47058824,0,1,0,0
475,0,3,5,0.0,0.1764706,0,1,0,0
476,0,3,0,0.64705884,0.11764706,0,1,0,1
477,0,2,5,0.7647059,0.3529412,0,1,0,0
478,0,3,4,0.64705884,0.47058824,0,1,0,0
479,0,10,4,0.4117647,0.47058824,1,1,0,0
480,0,2,4,1.0,0.4117647,0,1,0,0
481,1,2,4,0.1764706,0.3529412,0,1,0,0
482,0,2,4,0.1764706,0.3529412,0,1,0,0
483,0,2,4,0.88235295,0.29411766,1,1,0,0
484,1,2,4,0.1764706,0.23529412,1,1,0,0
485,1,2,4,0.64705884,0.8235294,0,1,0,0
486,1,2,4,0.1764706,0.4117647,1,1,0,0
487,1,1,4,0.4117647,0.47058824,1,1,0,0
488,1,2,4,0.64705884,0.29411766,0,1,0,0
489,1,10,4,0.64705884,0.29411766,0,1,0,0
490,0,8,0,0.64705884,0.29411766,1,1,0,0
491,0,8,4,0.4117647,0.29411766,1,1,0,0
492,0,2,3,0.0,0.3529412,0,1,0,0
493,0,2,4,0.4117647,0.29411766,0,1,0,0
494,1,1,4,0.4117647,0.1764706,0,1,0,0
495,1,1,5,0.23529412,0.64705884,0,1,0,0
496,1,1,4,0.1764706,0.29411766,0,1,0,0
497,1,1,3,0.64705884,0.29411766,1,1,0,0
498,0,8,4,0.88235295,0.47058824,1,1,0,0
499,0,8,4,0.88235295,0.47058824,1,1,0,0
500,1,2,5,0.1764706,0.47058824,0,1,0,0
501,1,2,4,0.64705884,0.47058824,0,1,0,0
502,1,2,4,0.88235295,0.64705884,1,1,0,0
503,1,2,4,0.5294118,0.4117647,0,1,0,0
504,1,2,5,0.23529412,0.47058824,0,1,0,0
505,1,2,4,0.88235295,0.29411766,0,1,0,0
506,1,2,5,0.88235295,0.29411766,0,1,0,0
507,1,2,4,0.64705884,0.29411766,0,1,0,0
508,0,2,4,0.0,0.29411766,0,1,0,0
509,0,2,4,0.29411766,0.29411766,0,1,0,0
510,0,2,4,0.29411766,0.1764706,1,1,0,0
511,0,2,4,0.4117647,0.3529412,0,1,0,0
512,0,2,4,0.64705884,0.47058824,0,1,0,0
513,0,2,4,0.64705884,0.3529412,0,1,0,0
514,1,2,4,0.64705884,0.47058824,1,1,0,0
515,1,2,4,0.64705884,0.5294118,0,1,0,0
516,0,2,0,0.64705884,0.29411766,0,1,0,0
517,0,2,4,0.5882353,0.47058824,0,1,0,0
518,0,2,4,0.29411766,0.47058824,0,1,0,0
519,0,2,4,0.64705884,0.29411766,0,1,0,0
520,1,2,4,0.4117647,0.47058824,0,1,0,0
521,1,2,4,0.1764706,0.23529412,0,1,1,1
522,0,2,4,0.4117647,0.29411766,1,1,0,0
523,0,2,4,0.4117647,0.5294118,0,1,0,0
524,0,3,5,0.0,0.23529412,1,1,0,0
525,0,3,4,0.29411766,0.47058824,0,1,0,0
526,0,10,0,0.1764706,0.1764706,0,1,0,0
527,0,10,0,0.4117647,0.05882353,0,1,0,0
528,0,10,4,0.88235295,0.1764706,0,1,0,0
529,2,2,4,0.4117647,0.47058824,0,1,0,0
530,1,2,4,0.5882353,0.29411766,0,1,0,1
531,0,1,5,0.64705884,0.29411766,0,1,0,0
532,0,1,4,0.4117647,0.47058824,0,1,0,0
533,0,1,4,0.64705884,0.29411766,1,1,0,0
534,1,11,4,0.64705884,0.47058824,1,1,0,0
535,1,2,4,0.3529412,0.4117647,0,1,0,0
536,0,2,5,0.1764706,0.29411766,0,1,0,0
537,0,2,4,0.29411766,0.3529412,0,1,0,0
538,0,2,4,0.64705884,0.29411766,0,1,0,0
539,1,1,4,0.1764706,0.3529412,1,1,0,0
540,0,10,4,0.5294118,0.47058824,0,1,0,0
541,0,10,0,0.4117647,0.29411766,0,1,0,0
542,0,10,4,0.05882353,0.11764706,0,1,0,0
543,0,10,4,0.29411766,0.47058824,0,1,0,0
544,0,10,4,0.4117647,0.4117647,0,1,0,0
545,1,2,4,0.88235295,0.29411766,0,1,0,0
546,1,2,4,0.11764706,0.29411766,0,1,0,0
547,0,2,4,0.64705884,0.29411766,0,1,0,0
548,0,2,4,0.64705884,0.47058824,0,1,0,0
549,1,3,4,0.64705884,0.29411766,1,1,0,0
550,0,2,4,0.1764706,0.0,0,1,0,0
551,0,2,4,0.4117647,0.5294118,1,1,0,0
552,0,2,4,0.64705884,0.4117647,0,1,0,0
553,0,2,4,1.0,0.3529412,0,1,0,0
554,0,2,4,0.29411766,0.64705884,1,1,0,0
555,0,2,0,0.64705884,0.29411766,0,1,0,0
556,0,10,4,0.1764706,0.23529412,1,1,0,0
557,0,3,5,0.1764706,0.11764706,0,1,0,0
558,0,3,4,0.0,0.29411766,0,1,0,0
559,0,3,4,0.4117647,0.23529412,1,1,0,0
560,0,3,4,0.64705884,0.3529412,0,1,0,0
561,1,1,4,0.88235295,0.47058824,0,1,0,0
562,1,2,5,0.11764706,0.29411766,0,1,0,0
563,1,2,4,0.29411766,0.1764706,0,1,0,0
564,1,2,5,0.11764706,0.47058824,0,1,0,0
565,1,2,4,0.4117647,0.47058824,0,1,0,0
566,0,8,4,0.64705884,0.3529412,0,1,0,0
567,0,8,5,0.64705884,0.3529412,0,1,0,0
568,0,8,5,0.1764706,0.64705884,0,1,0,0
569,1,10,4,0.64705884,0.29411766,0,1,0,0
570,1,10,4,0.29411766,0.05882353,0,1,0,0
571,1,10,4,0.1764706,0.29411766,1,1,0,0
572,2,2,4,0.64705884,0.29411766,1,1,0,0
573,0,1,4,1.0,0.64705884,1,1,0,0
574,2,2,4,0.29411766,0.4117647,0,1,0,0
575,2,2,5,1.0,0.47058824,0,1,0,0
576,1,11,4,0.29411766,0.3529412,0,1,0,0
577,0,2,4,0.0,0.29411766,0,1,0,0
578,0,2,4,0.4117647,0.3529412,1,1,0,0
579,0,2,4,0.3529412,0.4117647,0,1,0,0
580,0,2,5,0.64705884,0.29411766,0,1,0,0
581,0,1,4,0.64705884,0.29411766,0,1,0,0
582,0,2,4,0.29411766,0.29411766,0,1,0,0
583,0,2,5,0.64705884,0.3529412,0,1,0,0
584,0,2,4,0.4117647,0.29411766,0,1,0,0
585,0,10,4,0.4117647,0.64705884,0,1,0,0
586,1,2,5,0.4117647,0.29411766,0,1,0,0
587,1,2,4,0.64705884,0.29411766,1,1,0,0
588,0,1,4,0.4117647,0.3529412,1,1,0,0
589,0,1,4,0.64705884,0.29411766,0,1,0,0
590,1,1,5,0.64705884,0.29411766,0,1,0,0
591,0,2,4,0.64705884,0.47058824,0,1,0,0
592,1,11,4,0.1764706,0.3529412,0,1,0,0
593,1,2,5,0.11764706,0.29411766,1,1,0,0
594,1,2,4,0.23529412,0.47058824,0,1,0,0
595,1,2,0,0.64705884,0.29411766,0,1,0,0
596,0,2,5,0.4117647,0.1764706,0,1,0,0
597,0,3,4,0.29411766,0.47058824,1,1,0,0
598,0,3,4,0.0,0.05882353,0,1,0,0
599,0,3,4,0.4117647,0.29411766,0,1,0,0
600,0,8,5,0.64705884,0.47058824,0,1,0,0
601,1,10,5,0.4117647,0.29411766,1,1,0,0
602,1,10,4,0.64705884,0.3529412,0,1,0,0
603,1,11,4,0.64705884,0.47058824,0,1,0,0
604,0,2,4,0.1764706,0.3529412,1,1,0,0
605,0,2,4,0.4117647,0.29411766,0,1,0,0
606,0,2,4,0.4117647,0.3529412,1,1,0,0
607,1,2,4,0.1764706,0.29411766,0,1,0,0
608,1,2,4,0.88235295,0.47058824,0,1,0,0
609,0,8,4,0.64705884,0.23529412,0,1,0,0
610,0,2,0,0.29411766,0.05882353,0,1,1,0
611,0,3,5,0.64705884,0.64705884,0,1,0,0
612,0,3,4,0.4117647,0.3529412,1,1,0,0
613,1,2,4,0.1764706,0.05882353,0,1,0,0
614,0,2,3,0.29411766,0.23529412,0,1,0,0
615,1,10,4,1.0,0.0,1,1,0,0
616,0,8,4,0.1764706,0.29411766,0,1,0,0
617,0,8,5,0.1764706,0.1764706,1,1,0,0
618,0,8,4,0.64705884,0.4117647,0,1,0,0
619,0,8,4,0.4117647,0.29411766,0,1,0,0
620,0,3,5,0.4117647,0.05882353,0,1,0,0
621,0,1,4,0.1764706,0.29411766,1,1,0,0
622,0,1,4,0.1764706,0.29411766,0,1,0,0
623,0,2,5,0.29411766,0.23529412,1,1,0,0
624,0,2,4,0.1764706,0.64705884,0,1,0,0
625,0,2,4,0.88235295,1.0,0,1,0,0
626,0,8,5,0.23529412,0.47058824,0,1,0,0
627,0,11,4,0.23529412,0.47058824,0,1,0,0
628,0,11,4,0.4117647,0.29411766,1,1,0,0
629,1,2,4,0.64705884,0.29411766,1,1,0,0
630,0,2,4,0.64705884,0.4117647,1,1,0,0
631,1,2,5,0.11764706,0.29411766,1,1,0,0
632,0,2,4,0.64705884,0.47058824,0,1,0,0
633,0,2,4,0.23529412,0.3529412,0,1,0,0
634,0,2,4,0.29411766,0.5294118,1,1,0,1
635,0,2,0,0.4117647,0.1764706,1,1,0,0
636,0,2,4,0.64705884,0.29411766,1,1,0,0
637,1,2,4,0.29411766,0.29411766,0,1,0,0
638,1,2,5,0.4117647,0.29411766,1,1,0,0
639,1,2,5,0.64705884,0.1764706,0,1,0,0
640,0,8,4,0.64705884,0.29411766,0,1,0,0
641,0,8,5,0.11764706,0.11764706,0,1,0,1
642,0,8,5,0.4117647,0.29411766,0,1,0,0
643,1,2,3,0.64705884,0.29411766,1,1,0,0
644,1,2,4,0.7647059,0.0,1,1,0,1
645,0,3,4,0.1764706,0.29411766,0,1,0,0
646,0,3,4,0.5294118,0.29411766,1,1,0,0
647,0,11,4,0.4117647,0.29411766,0,1,0,0
648,0,11,4,0.1764706,0.29411766,1,1,0,0
649,0,2,4,0.5294118,0.47058824,0,1,0,0
650,1,1,4,0.47058824,0.29411766,0,1,0,0
651,1,1,4,0.64705884,0.29411766,0,1,0,0
652,0,1,5,0.0,0.29411766,0,1,0,0
653,0,1,5,0.29411766,0.47058824,0,1,0,0
654,0,1,4,0.23529412,0.3529412,1,1,0,0
655,0,8,4,0.1764706,0.3529412,0,1,0,0
656,0,8,4,0.4117647,0.4117647,0,1,0,0
657,0,8,4,0.1764706,0.47058824,0,1,0,0
658,1,2,5,0.4117647,0.47058824,1,1,0,0
659,1,10,4,0.64705884,0.3529412,0,1,0,1
660,1,2,4,0.64705884,0.29411766,0,1,0,0
661,1,1,4,0.64705884,0.29411766,0,1,0,0
662,1,1,4,0.4117647,0.23529412,0,1,0,0
663,1,1,4,0.29411766,0.3529412,0,1,0,0
664,1,2,4,0.23529412,0.29411766,1,1,0,0
665,1,2,5,0.05882353,0.11764706,1,1,0,0
666,1,2,4,0.64705884,0.29411766,0,1,0,0
667,0,1,4,0.88235295,0.23529412,0,1,0,0
668,0,2,4,0.29411766,0.47058824,0,1,0,0
669,0,2,4,0.29411766,0.1764706,0,1,0,0
670,0,2,4,0.64705884,0.0,0,1,0,0
671,1,2,3,0.29411766,0.29411766,1,1,0,0
672,0,1,4,0.29411766,0.3529412,0,1,0,0
673,0,1,4,0.5294118,0.4117647,0,1,0,0
674,1,2,4,0.11764706,0.47058824,0,1,0,0
675,1,2,5,0.64705884,0.29411766,0,1,0,0
676,1,2,4,0.5294118,0.3529412,0,1,0,0
677,0,11,5,0.5882353,0.3529412,0,1,0,0
678,0,2,0,0.29411766,0.0,1,1,0,1
679,0,2,5,0.0,0.47058824,0,1,0,0
680,1,10,5,0.4117647,0.29411766,0,1,0,0
681,1,10,3,0.4117647,0.05882353,0,1,0,0
682,1,10,4,0.4117647,0.29411766,0,1,0,0
683,0,1,5,0.64705884,0.64705884,0,1,0,0
684,1,8,4,0.4117647,0.29411766,0,1,0,0
685,0,10,4,0.11764706,0.47058824,0,1,0,0
686,0,10,4,0.88235295,0.23529412,0,1,0,0
687,0,2,4,0.64705884,0.3529412,0,1,0,0
688,0,2,3,0.23529412,0.0,0,1,0,0
689,0,2,5,0.0,0.29411766,0,1,0,0
690,1,2,5,0.11764706,0.3529412,0,1,0,0
691,1,2,4,0.0,0.3529412,0,1,0,0
692,1,2,5,0.4117647,0.64705884,0,1,0,0
693,1,2,4,1.0,0.29411766,0,1,0,0
694,0,10,5,0.4117647,0.29411766,0,1,0,0
695,0,10,3,0.64705884,0.29411766,0,1,0,0
696,0,2,4,0.11764706,0.47058824,0,1,0,0
697,0,2,4,0.29411766,0.3529412,0,1,0,0
698,0,1,4,0.1764706,0.47058824,0,1,0,0
699,0,1,5,0.4117647,0.23529412,0,1,0,0
700,1,2,5,0.23529412,0.4117647,0,1,0,0
701,1,2,4,0.29411766,0.23529412,0,1,0,0
702,2,1,4,0.1764706,0.29411766,1,1,0,0
703,0,2,5,0.64705884,0.23529412,0,1,0,0
704,0,11,4,0.1764706,0.23529412,0,1,0,0
705,0,11,4,0.29411766,0.3529412,1,1,0,0
706,0,1,4,0.88235295,0.3529412,0,1,0,0
707,1,8,4,0.64705884,0.4117647,0,1,0,0
708,0,8,4,0.64705884,0.5294118,1,1,0,0
709,0,8,4,0.11764706,0.29411766,0,1,0,0
710,0,8,4,0.64705884,0.3529412,0,1,0,0
711,0,8,4,0.05882353,0.29411766,0,1,0,0
712,0,8,5,0.47058824,0.3529412,1,1,0,0
713,1,11,4,0.64705884,0.29411766,0,1,0,0
714,0,2,4,0.5294118,0.3529412,1,1,0,0
715,0,2,4,0.47058824,0.4117647,1,1,0,0
716,1,2,4,0.64705884,0.29411766,0,1,0,0
717,1,2,4,0.11764706,0.1764706,0,1,0,0
718,1,2,5,0.4117647,0.29411766,0,1,0,0
719,1,11,4,0.64705884,0.29411766,0,1,0,0
720,1,2,4,0.64705884,0.29411766,0,1,0,0
721,0,2,4,0.0,0.29411766,0,1,0,0
722,0,2,4,0.1764706,0.4117647,1,1,0,0
723,1,10,4,0.64705884,0.4117647,0,1,0,0
724,1,2,5,0.64705884,0.29411766,0,1,0,0
725,0,2,4,0.64705884,0.3529412,1,1,0,0
726,0,2,4,0.64705884,0.64705884,0,1,0,0
727,0,1,4,0.4117647,0.47058824,1,1,0,0
728,0,2,4,0.47058824,0.23529412,0,1,0,0
729,0,2,4,0.23529412,0.29411766,0,1,0,0
730,0,2,4,0.23529412,0.29411766,1,1,0,0
731,0,2,4,0.64705884,0.4117647,1,1,0,0
732,0,2,4,0.29411766,0.23529412,0,1,0,0
733,2,11,4,0.23529412,0.4117647,0,1,0,0
734,2,11,4,0.4117647,0.3529412,1,1,0,0
735,2,11,4,0.88235295,0.23529412,0,1,0,0
736,1,2,4,0.64705884,0.5294118,0,1,0,0
737,0,2,4,0.88235295,0.11764706,0,1,0,0
738,1,2,4,0.29411766,0.4117647,0,1,0,0
739,1,2,4,0.1764706,0.23529412,0,1,0,0
740,0,2,4,0.64705884,0.47058824,0,1,0,0
741,0,2,4,0.5294118,0.3529412,1,1,0,0
742,0,2,4,0.88235295,0.5294118,0,1,0,0
743,0,2,4,0.64705884,0.29411766,0,1,0,0
744,0,2,4,0.64705884,0.3529412,0,1,0,0
745,0,2,5,0.88235295,0.29411766,0,1,0,0
746,1,2,4,0.0,0.29411766,0,1,0,0
747,0,2,4,0.1764706,0.23529412,0,1,0,0
748,0,2,4,0.1764706,0.64705884,1,1,0,0
749,1,2,5,0.29411766,0.29411766,0,1,0,0
750,1,2,5,0.4117647,0.47058824,0,1,0,0
751,0,2,4,0.47058824,0.47058824,0,1,0,0
752,1,10,5,0.4117647,0.64705884,0,1,0,0
753,1,10,0,0.29411766,0.29411766,0,1,0,1
754,0,2,4,1.0,0.29411766,1,1,0,0
755,1,2,4,0.47058824,0.29411766,0,1,0,0
756,1,2,4,0.1764706,0.64705884,1,1,0,0
757,1,2,4,0.4117647,0.0,0,1,0,0
758,1,10,4,0.64705884,0.64705884,0,1,0,0
759,0,2,4,0.29411766,0.29411766,0,1,0,0
760,0,2,4,0.23529412,0.29411766,0,1,0,0
761,0,2,5,0.47058824,0.23529412,0,1,0,0
762,0,2,4,0.4117647,0.29411766,0,1,0,0
763,1,10,4,0.4117647,0.8235294,1,1,0,0
764,1,2,5,0.1764706,0.29411766,0,1,0,0
765,1,2,4,0.29411766,0.5294118,0,1,0,0
766,1,2,4,0.64705884,0.29411766,0,1,0,0
767,0,11,4,0.88235295,0.64705884,0,1,0,0
768,0,2,0,0.1764706,0.23529412,0,1,0,0
769,0,2,0,0.29411766,0.11764706,0,1,0,1
770,0,2,4,0.29411766,0.3529412,0,1,0,0
771,0,2,4,0.4117647,0.4117647,0,1,0,0
772,0,2,4,0.23529412,0.3529412,1,1,0,0
773,0,3,4,0.0,0.64705884,1,1,0,0
774,1,1,4,0.1764706,0.4117647,1,1,0,0
775,1,2,4,0.23529412,0.3529412,0,1,0,0
776,1,2,4,0.64705884,0.4117647,0,1,0,0
777,1,2,5,0.1764706,0.5294118,0,1,0,0
778,1,2,0,0.4117647,0.05882353,0,1,0,0
779,0,10,5,0.4117647,0.3529412,1,1,0,0
780,0,2,4,0.4117647,0.1764706,0,1,0,0
781,0,11,3,0.1764706,0.1764706,0,1,0,0
782,0,8,4,0.64705884,0.4117647,0,1,0,0
783,1,2,4,0.4117647,0.23529412,0,1,0,0
784,1,10,4,0.1764706,0.5294118,1,1,0,0
785,1,2,4,0.1764706,0.29411766,0,1,0,0
786,0,2,4,0.4117647,0.1764706,1,1,0,0
787,0,2,4,0.64705884,0.47058824,0,1,0,0
788,1,1,4,0.4117647,0.29411766,0,1,0,0
789,0,11,4,0.64705884,0.29411766,1,1,0,0
790,0,2,4,0.4117647,0.29411766,0,1,0,0
791,0,11,4,0.64705884,0.29411766,0,1,0,0
792,1,2,4,0.1764706,0.29411766,0,1,0,0
793,2,2,0,0.88235295,0.29411766,0,1,0,0
794,2,2,4,0.64705884,0.3529412,1,1,0,0
795,0,2,4,0.64705884,0.4117647,0,1,0,0
796,0,2,4,1.0,0.29411766,0,1,0,0
797,0,10,4,0.64705884,0.29411766,0,1,0,0
798,1,8,4,0.64705884,0.05882353,1,1,0,0
799,1,8,5,0.29411766,0.1764706,0,1,0,0
800,1,8,4,0.1764706,0.29411766,0,1,0,1
801,0,1,4,0.23529412,0.29411766,0,1,0,0
802,0,1,4,0.29411766,0.29411766,0,1,0,0
803,1,2,4,0.64705884,0.3529412,1,1,0,0
804,0,3,4,0.1764706,0.4117647,0,1,0,0
805,0,3,4,0.88235295,0.29411766,0,1,0,1
806,0,10,4,0.64705884,0.47058824,0,1,0,0
807,0,1,0,0.29411766,0.1764706,1,1,0,0
808,0,1,5,0.1764706,0.23529412,0,1,0,0
809,1,1,4,0.64705884,0.29411766,0,1,0,0
810,0,3,4,0.0,0.5294118,0,1,0,0
811,0,3,4,0.1764706,0.5882353,0,1,0,0
812,0,3,5,0.64705884,0.64705884,0,1,0,0
813,0,3,4,0.4117647,0.29411766,0,1,0,0
814,0,3,5,0.4117647,0.29411766,0,1,0,0
815,0,2,5,0.47058824,0.1764706,0,1,0,0
816,0,2,4,0.5294118,0.29411766,1,1,0,1
817,0,2,4,0.4117647,0.3529412,0,1,0,0
818,0,2,0,0.64705884,0.05882353,0,1,0,0
819,0,2,5,0.11764706,0.64705884,0,1,0,0
820,0,2,4,0.1764706,0.64705884,0,1,0,0
821,0,1,4,0.64705884,0.29411766,1,1,0,0
822,0,10,4,0.4117647,0.47058824,1,1,0,1
823,0,10,4,0.64705884,0.29411766,0,1,0,0
824,0,11,4,0.0,0.29411766,0,1,0,0
825,0,11,4,0.1764706,0.29411766,0,1,0,0
826,0,11,4,0.0,0.23529412,0,1,0,0
827,0,11,4,0.1764706,0.23529412,0,1,0,0
828,0,11,4,0.4117647,0.29411766,1,1,0,0
829,1,1,4,0.1764706,0.64705884,1,1,0,0
830,1,1,5,0.23529412,0.4117647,1,1,0,0
831,1,2,4,0.88235295,0.47058824,0,1,0,0
832,0,11,5,0.64705884,0.29411766,1,1,0,0
833,0,11,4,0.4117647,0.1764706,0,1,0,0
834,0,11,4,0.64705884,0.47058824,0,1,0,0
835,0,11,4,0.11764706,0.47058824,1,1,0,0
836,1,2,4,0.23529412,0.3529412,0,1,0,0
837,1,2,4,0.64705884,0.23529412,0,1,0,0
838,0,10,4,0.4117647,0.3529412,0,1,0,0
839,1,8,4,0.5294118,0.4117647,1,1,0,0
840,0,2,4,0.64705884,0.4117647,1,1,0,0
841,1,2,4,0.64705884,0.3529412,1,1,0,0
842,0,3,5,0.88235295,0.29411766,0,1,0,0
843,0,8,4,1.0,0.23529412,0,1,0,0
844,2,10,4,0.64705884,0.4117647,0,1,0,0
845,2,10,4,0.64705884,0.29411766,0,1,0,0
846,0,2,4,0.4117647,0.3529412,0,1,0,0
847,0,2,5,0.1764706,0.47058824,0,1,0,0
848,0,1,5,0.4117647,0.29411766,1,1,0,0
849,0,1,4,0.64705884,0.23529412,0,1,0,0
850,0,1,0,0.64705884,0.1764706,1,1,0,0
851,1,2,4,0.64705884,0.47058824,1,1,0,0
852,0,1,4,0.64705884,0.29411766,0,1,0,0
853,0,1,4,1.0,0.47058824,0,1,0,0
854,1,8,4,0.0,0.47058824,0,1,0,0
855,1,8,4,0.64705884,0.64705884,0,1,0,0
856,1,8,4,0.1764706,0.4117647,0,1,0,0
857,1,2,4,0.1764706,0.4117647,0,1,0,0
858,1,2,4,0.4117647,0.4117647,0,1,0,0
859,1,2,5,0.29411766,0.23529412,0,1,0,0
860,0,11,4,0.64705884,0.3529412,0,1,0,0
861,1,2,5,0.4117647,0.3529412,0,1,0,0
862,0,10,4,0.1764706,0.5294118,0,1,0,0
863,0,10,4,0.64705884,0.3529412,1,1,0,0
864,1,2,5,0.88235295,0.3529412,0,1,0,0
865,1,11,4,0.0,0.5294118,0,1,0,0
866,1,11,4,0.64705884,0.29411766,0,1,1,0
867,1,11,4,0.64705884,0.47058824,0,1,0,0
868,0,10,5,0.4117647,0.3529412,0,1,0,0
869,1,2,5,0.64705884,0.1764706,0,1,0,0
870,1,11,5,0.1764706,0.23529412,0,1,1,0
871,1,11,5,0.1764706,0.7058824,0,1,0,1
872,1,11,4,0.64705884,0.29411766,0,1,0,0
873,1,11,5,0.1764706,0.29411766,0,1,0,0
874,1,11,4,0.64705884,0.4117647,0,1,0,0
875,0,1,4,0.5882353,0.3529412,0,1,0,0
876,1,11,4,0.0,0.23529412,0,1,0,0
877,0,1,4,0.4117647,0.64705884,0,1,0,0
878,0,2,4,0.0,0.5294118,0,1,0,0
879,0,2,4,0.64705884,0.47058824,0,1,0,0
880,1,10,4,0.11764706,0.3529412,0,1,0,0
881,1,10,5,0.4117647,0.1764706,0,1,0,0
882,1,11,4,0.5294118,0.1764706,0,1,0,0
883,1,1,4,0.1764706,0.29411766,0,1,0,0
884,1,1,5,0.64705884,0.47058824,0,1,0,0
885,0,10,4,0.47058824,0.29411766,0,1,0,0
886,1,2,4,0.23529412,0.47058824,0,1,0,0
887,1,2,4,0.1764706,0.1764706,0,1,0,0
888,0,10,0,0.11764706,0.1764706,0,1,0,1
889,0,10,4,0.29411766,0.3529412,1,1,0,0
890,2,10,4,0.64705884,0.29411766,0,1,0,0
891,2,10,4,1.0,0.3529412,0,1,0,0
892,0,1,5,0.64705884,0.29411766,0,1,0,0
893,0,1,5,0.4117647,0.29411766,0,1,0,0
894,0,1,4,0.5294118,0.23529412,0,1,0,0
895,0,8,4,0.64705884,0.3529412,0,1,0,0
896,1,2,5,0.64705884,0.29411766,0,1,0,0
897,0,11,4,0.11764706,0.3529412,0,1,0,0
898,0,1,5,0.64705884,0.47058824,0,1,0,0
899,0,1,4,0.1764706,0.23529412,1,1,0,0
900,0,1,5,0.0,0.4117647,0,1,0,0
901,0,1,4,0.64705884,0.29411766,0,1,0,0
902,0,3,0,0.1764706,0.11764706,0,1,0,0
903,0,10,5,0.4117647,0.47058824,0,1,0,0
904,0,8,4,0.64705884,0.4117647,0,1,0,0
905,0,8,5,0.4117647,0.23529412,0,1,0,0
906,0,11,4,0.1764706,0.47058824,1,1,0,0
907,0,2,4,0.1764706,0.23529412,0,1,0,0
908,0,2,4,0.4117647,0.29411766,0,1,0,0
909,0,2,4,1.0,0.1764706,1,1,0,0
910,1,2,4,0.64705884,0.64705884,1,1,0,0
911,1,2,4,0.4117647,0.47058824,0,1,0,0
912,1,2,4,0.64705884,0.29411766,0,1,0,0
913,1,2,4,0.64705884,0.29411766,0,1,0,0
914,1,2,4,0.64705884,0.47058824,0,1,0,0
915,0,2,4,0.88235295,0.29411766,0,1,0,0
916,0,10,4,0.88235295,0.47058824,0,1,0,0
917,2,2,4,0.5294118,0.29411766,0,1,0,0
918,1,11,4,0.0,0.47058824,0,1,0,0
919,1,11,4,0.64705884,0.29411766,0,1,0,0
920,1,2,4,0.1764706,0.29411766,0,1,0,0
921,1,2,4,0.64705884,0.4117647,0,1,0,0
922,0,2,4,0.88235295,0.29411766,0,1,0,0
923,0,1,4,0.64705884,0.5294118,0,1,0,0
924,0,10,4,0.64705884,0.47058824,0,1,0,0
925,0,2,4,0.5294118,0.4117647,0,1,0,0
926,0,2,5,0.64705884,0.29411766,0,1,0,0
927,0,10,4,0.64705884,0.29411766,0,1,0,0
928,0,10,4,0.7058824,0.3529412,0,1,0,0
929,0,10,4,0.4117647,0.1764706,0,1,0,0
930,0,10,4,0.4117647,0.1764706,0,1,0,0
931,0,10,4,0.64705884,0.4117647,1,1,0,0
932,0,2,4,0.0,0.47058824,0,1,0,0
933,0,2,4,0.4117647,0.29411766,0,1,0,0
934,0,2,4,0.64705884,0.1764706,0,1,0,0
935,0,2,4,0.4117647,0.3529412,0,1,0,0
936,0,2,4,0.5294118,0.4117647,1,1,0,0
937,0,2,4,0.47058824,0.3529412,0,1,0,0
938,0,1,5,0.4117647,0.05882353,1,1,0,0
939,0,1,5,0.11764706,0.29411766,0,1,0,0
940,0,1,4,0.5294118,0.29411766,1,1,0,0
941,1,8,4,0.5294118,0.3529412,1,1,0,0
942,0,2,3,0.4117647,0.23529412,0,1,0,0
943,0,1,4,0.29411766,0.3529412,1,1,0,0
944,0,2,5,0.5294118,0.5294118,0,1,0,0
945,1,2,4,0.64705884,0.47058824,0,1,0,0
946,0,2,4,0.64705884,0.47058824,0,1,0,0
947,0,2,4,0.4117647,0.4117647,0,1,0,0
948,0,2,4,0.64705884,0.29411766,0,1,0,0
949,1,8,5,0.88235295,0.29411766,0,1,0,0
950,1,9,4,0.4117647,0.64705884,0,1,0,0
951,0,2,5,0.64705884,0.1764706,0,1,0,0
952,0,1,4,0.4117647,0.11764706,0,1,0,0
953,0,1,4,0.64705884,0.47058824,0,1,0,0
954,0,1,5,0.4117647,0.23529412,0,1,0,0
955,0,2,4,0.29411766,0.47058824,1,1,0,0
956,0,2,5,0.4117647,0.23529412,0,1,0,0
957,0,2,4,0.29411766,0.47058824,0,1,0,0
958,0,1,5,1.0,0.3529412,0,1,0,0
959,0,2,5,0.29411766,0.47058824,1,1,0,0
960,0,1,4,0.23529412,0.11764706,0,1,0,0
961,0,1,4,0.88235295,0.29411766,0,1,0,0
962,0,1,4,0.5294118,0.29411766,0,1,0,0
963,0,8,4,0.29411766,0.5294118,0,1,0,0
964,0,1,4,0.64705884,0.47058824,1,1,0,0
965,1,2,4,0.64705884,0.3529412,0,1,0,0
966,1,11,4,0.4117647,0.29411766,0,1,0,0
967,0,1,4,0.29411766,0.5294118,0,1,0,0
968,0,1,4,0.64705884,0.3529412,0,1,0,0
969,0,2,4,0.64705884,0.3529412,0,1,0,0
970,1,2,5,0.64705884,0.29411766,0,1,0,0
971,1,8,4,0.4117647,0.4117647,0,1,0,0
972,1,8,4,0.1764706,0.47058824,1,1,0,0
973,1,8,5,0.64705884,0.3529412,1,1,0,0
974,1,8,5,0.64705884,0.23529412,1,0,0,0
975,0,2,4,0.4117647,0.64705884,0,1,0,0
976,0,2,4,0.1764706,0.64705884,1,1,0,1
977,0,8,5,0.1764706,0.64705884,0,1,0,1
978,0,8,4,1.0,0.29411766,0,1,0,0
979,0,1,4,0.4117647,0.29411766,0,1,0,0
980,1,11,4,0.4117647,0.47058824,0,1,0,0
981,0,8,4,0.4117647,0.29411766,0,1,0,0
982,1,2,4,0.5294118,0.29411766,0,1,0,0
983,1,8,4,0.23529412,0.4117647,0,1,0,0
984,1,8,4,0.29411766,0.29411766,0,1,0,1
985,1,8,4,0.11764706,0.29411766,0,1,0,0
986,1,10,5,0.1764706,0.23529412,1,1,0,1
987,1,10,4,0.23529412,0.29411766,0,1,0,0
988,0,1,4,0.64705884,0.29411766,0,1,0,0
989,1,11,5,0.64705884,0.1764706,0,1,0,0
990,0,1,4,0.64705884,0.47058824,0,1,0,0
991,0,1,5,0.29411766,0.29411766,1,1,0,0
992,0,2,4,0.64705884,0.4117647,0,1,0,0
993,1,2,4,0.4117647,0.3529412,0,1,0,0
994,0,1,4,0.88235295,0.29411766,0,1,0,0
995,0,2,4,0.29411766,0.64705884,0,1,0,0
996,1,10,4,0.4117647,0.29411766,0,1,0,0
997,1,10,4,0.1764706,0.29411766,0,1,0,0
998,1,10,4,0.1764706,0.47058824,0,1,0,0
999,1,10,4,0.1764706,0.29411766,0,1,0,0
1000,1,10,4,0.64705884,0.4117647,0,1,0,0
1001,0,10,4,0.0,0.23529412,1,1,0,0
1002,0,10,5,0.64705884,0.1764706,1,1,0,0
1003,0,2,4,0.1764706,0.29411766,0,1,0,0
1004,0,2,4,0.5294118,0.47058824,0,1,0,0
1005,0,2,5,0.05882353,0.3529412,0,1,0,0
1006,0,2,4,0.29411766,0.1764706,0,1,0,0
1007,1,2,4,0.4117647,0.3529412,0,1,0,0
1008,1,2,4,1.0,0.3529412,0,1,0,0
1009,1,1,4,0.1764706,0.47058824,0,1,0,0
1010,1,1,4,0.64705884,0.3529412,1,1,0,0
1011,2,10,4,0.88235295,0.29411766,0,1,0,0
1012,1,2,0,0.88235295,0.11764706,0,1,0,0
1013,1,2,4,0.1764706,0.47058824,0,1,0,0
1014,1,2,5,0.5294118,0.47058824,0,1,0,0
1015,1,2,4,0.1764706,0.3529412,0,1,0,0
1016,1,2,4,0.1764706,0.05882353,0,1,0,0
1017,1,2,5,0.11764706,0.3529412,0,1,0,0
1018,0,2,5,0.0,0.29411766,0,1,0,0
1019,0,2,4,0.4117647,0.1764706,0,1,0,0
1020,0,2,4,0.64705884,0.29411766,0,1,0,0
1021,2,2,5,0.4117647,0.23529412,0,1,0,0
1022,0,11,4,0.64705884,0.29411766,0,1,0,0
1023,1,2,5,0.1764706,0.1764706,0,1,0,0
1024,1,2,5,0.23529412,0.29411766,0,1,0,0
1025,0,1,4,0.64705884,0.64705884,0,1,0,0
1026,0,1,4,0.88235295,0.4117647,0,1,0,0
1027,0,1,4,0.64705884,1.0,1,1,0,0
1028,0,10,4,0.64705884,0.29411766,0,1,0,0
1029,1,2,4,0.64705884,0.1764706,0,1,0,0
1030,1,2,4,1.0,0.3529412,1,1,1,0
1031,0,2,5,0.0,0.05882353,0,1,0,0
1032,0,2,4,0.5294118,0.3529412,1,1,0,0
1033,1,1,4,0.64705884,0.3529412,0,1,0,0
1034,1,1,4,0.29411766,0.47058824,0,1,0,0
1035,1,8,4,0.64705884,0.3529412,0,1,0,0
1036,1,11,4,0.29411766,0.3529412,0,1,0,0
1037,0,2,3,0.1764706,0.1764706,0,1,0,0
1038,0,2,5,0.64705884,0.4117647,0,1,0,0
1039,0,2,4,0.64705884,0.64705884,0,1,0,0
1040,1,1,0,0.0,0.11764706,0,1,0,0
1041,1,1,4,0.64705884,0.29411766,1,1,0,0
1042,0,1,4,0.1764706,0.47058824,0,1,0,0
1043,0,1,4,0.64705884,0.29411766,0,1,0,0
1044,1,2,4,0.64705884,0.23529412,0,1,0,0
1045,1,2,4,0.64705884,0.29411766,0,1,0,0
1046,0,11,5,0.4117647,0.29411766,0,1,0,0
1047,0,11,4,0.7647059,0.47058824,0,1,0,0
1048,0,10,4,0.64705884,0.5294118,0,1,0,0
1049,0,10,5,0.11764706,0.23529412,0,1,0,0
1050,0,2,4,0.64705884,0.29411766,0,1,0,0
1051,0,2,4,0.5294118,0.4117647,1,1,0,1
1052,0,2,4,0.88235295,0.29411766,0,1,0,0
1053,0,2,5,0.29411766,0.23529412,0,1,0,0
1054,0,2,4,0.4117647,0.29411766,0,1,0,0
1055,0,2,5,0.11764706,0.05882353,0,1,0,0
1056,0,2,4,0.29411766,0.29411766,0,1,0,0
1057,0,2,5,0.4117647,0.23529412,0,1,0,0
1058,0,2,4,0.88235295,0.29411766,0,1,0,0
1059,1,1,5,0.5294118,0.23529412,1,1,0,0
1060,1,10,4,0.29411766,0.4117647,1,1,0,0
1061,1,2,4,0.0,0.23529412,0,1,0,0
1062,1,2,5,0.23529412,0.23529412,0,1,0,0
1063,1,2,4,0.64705884,0.29411766,1,1,0,0
1064,0,1,5,0.23529412,0.29411766,0,1,0,0
1065,0,1,5,0.64705884,0.29411766,0,1,0,0
1066,0,2,4,0.64705884,0.29411766,1,1,0,0
1067,1,10,4,0.47058824,0.4117647,1,1,0,0
1068,0,2,5,0.29411766,0.47058824,0,1,0,0
1069,0,2,4,0.11764706,0.23529412,0,1,0,0
1070,0,2,5,0.29411766,0.47058824,0,1,0,0
1071,0,2,0,0.64705884,0.29411766,0,1,0,0
1072,0,2,4,0.4117647,0.29411766,0,1,0,0
1073,0,8,4,0.64705884,0.4117647,0,1,0,0
1074,0,2,4,1.0,0.47058824,0,1,0,1
1075,1,8,4,0.88235295,0.5294118,0,1,0,0
1076,1,11,5,0.4117647,0.29411766,0,1,0,0
1077,0,10,4,0.5294118,0.1764706,0,1,0,0
1078,0,10,4,0.64705884,0.29411766,0,1,0,0
1079,1,2,4,0.64705884,0.23529412,0,1,0,0
1080,1,2,4,0.0,1.0,0,1,0,0
1081,1,2,4,0.1764706,0.47058824,0,1,0,0
1082,1,2,4,0.64705884,0.29411766,0,1,0,0
1083,0,10,5,0.5294118,0.47058824,0,1,0,0
1084,2,8,4,0.1764706,0.3529412,0,1,0,0
1085,2,8,4,0.11764706,0.4117647,0,1,0,0
1086,1,1,5,0.1764706,0.29411766,0,1,0,0
1087,1,1,4,0.64705884,0.29411766,1,1,0,0
1088,1,10,5,0.4117647,0.29411766,1,1,0,0
1089,0,10,5,0.64705884,0.3529412,1,1,0,0
1090,0,2,4,0.11764706,0.11764706,1,1,0,1
1091,0,11,4,0.4117647,0.3529412,0,1,0,0
1092,1,8,4,0.5294118,0.64705884,0,1,0,0
1093,0,2,3,0.64705884,0.29411766,1,1,0,0
1094,0,2,4,0.29411766,0.29411766,0,1,0,0
1095,0,2,0,0.4117647,0.11764706,0,1,0,0
1096,0,10,4,0.64705884,0.3529412,0,1,0,0
1097,2,2,4,0.64705884,0.47058824,0,1,0,0
1098,0,2,4,0.1764706,0.29411766,0,1,0,0
1099,0,3,4,0.64705884,0.29411766,0,1,0,0
1100,0,2,4,0.88235295,0.64705884,0,1,0,0
1101,0,2,4,0.88235295,0.29411766,0,1,0,0
1102,0,2,4,0.1764706,0.29411766,1,1,0,0
1103,0,2,4,0.0,0.29411766,1,1,0,0
1104,0,2,4,0.64705884,0.29411766,1,1,0,0
1105,0,10,4,0.64705884,0.29411766,0,1,0,0
1106,0,10,4,0.64705884,0.47058824,0,1,0,0
1107,1,2,4,0.1764706,0.47058824,0,1,0,0
1108,0,10,4,0.64705884,0.29411766,1,1,0,0
1109,0,11,3,0.4117647,0.05882353,0,1,0,0
1110,1,2,4,0.88235295,0.29411766,0,1,0,0
1111,0,1,5,0.1764706,0.29411766,0,1,0,0
1112,0,1,4,0.23529412,0.23529412,0,1,0,0
1113,0,1,4,0.4117647,0.64705884,0,1,0,0
1114,0,8,4,0.64705884,0.3529412,1,1,0,0
1115,0,1,5,0.5294118,0.64705884,0,1,0,0
1116,0,10,4,0.64705884,0.47058824,1,1,0,0
1117,1,2,4,0.1764706,0.23529412,0,1,0,0
1118,1,2,4,0.64705884,0.3529412,0,1,0,0
1119,1,11,4,0.64705884,0.4117647,0,1,0,0
1120,1,8,4,0.11764706,0.47058824,0,1,0,0
1121,1,8,4,0.64705884,0.23529412,0,1,0,0
1122,1,8,4,0.29411766,0.4117647,0,1,0,0
1123,1,8,4,0.4117647,0.3529412,0,1,0,0
1124,1,8,4,0.64705884,0.4117647,1,1,0,0
1125,0,1,4,0.64705884,0.29411766,0,1,0,0
1126,1,2,3,0.64705884,0.29411766,0,1,0,0
1127,1,2,5,0.4117647,0.64705884,0,1,0,0
1128,1,2,5,0.64705884,0.23529412,0,1,0,0
1129,1,8,5,0.5294118,0.29411766,0,1,0,0
1130,0,2,4,0.64705884,0.23529412,0,1,0,0
1131,0,2,4,0.4117647,0.29411766,1,1,0,0
1132,0,2,4,0.1764706,0.47058824,0,1,0,0
1133,0,2,5,0.1764706,0.47058824,0,1,0,0
1134,0,2,5,0.4117647,0.4117647,0,1,0,0
1135,0,1,4,0.1764706,0.1764706,0,1,0,0
1136,0,1,4,0.64705884,0.47058824,0,1,0,0
1137,1,10,4,0.5294118,0.3529412,0,1,0,0
1138,1,2,4,0.64705884,0.23529412,0,1,0,0
1139,1,2,4,0.23529412,0.29411766,0,1,0,0
1140,1,2,5,0.64705884,0.1764706,0,1,0,0
1141,0,10,4,0.1764706,0.5294118,0,1,0,0
1142,0,10,5,0.29411766,0.29411766,0,1,0,0
1143,0,10,4,0.64705884,0.47058824,1,1,0,0
1144,1,2,4,0.64705884,0.1764706,0,1,0,0
1145,1,2,4,0.64705884,0.47058824,0,1,0,0
1146,1,2,5,0.0,0.64705884,1,0,0,0
1147,1,2,4,0.29411766,0.29411766,0,1,0,0
1148,1,11,0,0.64705884,0.11764706,1,1,0,0
1149,1,2,4,0.64705884,0.29411766,0,1,0,0
1150,0,8,5,0.64705884,0.47058824,0,1,0,0
1151,0,2,5,0.1764706,0.11764706,0,1,0,0
1152,1,2,4,0.64705884,0.47058824,1,1,0,0
1153,0,2,4,0.23529412,0.29411766,0,1,0,0
1154,0,2,4,0.64705884,0.3529412,1,1,0,0
1155,1,10,5,0.64705884,0.1764706,0,1,0,0
1156,1,2,4,0.64705884,0.47058824,0,1,0,0
1157,0,2,5,0.29411766,0.29411766,0,1,0,0
1158,0,2,4,0.4117647,0.4117647,1,1,0,0
1159,2,2,4,0.11764706,0.29411766,0,1,0,0
1160,2,2,4,0.4117647,0.47058824,0,1,0,0
1161,2,2,5,0.23529412,0.47058824,0,1,0,0
1162,1,2,4,0.5294118,0.29411766,1,1,0,0
1163,2,1,4,0.4117647,0.4117647,0,1,0,0
1164,1,1,4,0.64705884,0.29411766,1,1,0,0
1165,1,2,4,0.1764706,0.47058824,0,1,0,0
1166,1,2,4,0.64705884,0.1764706,0,1,0,0
1167,1,2,5,0.1764706,0.3529412,0,1,0,0
1168,1,2,4,0.1764706,0.29411766,0,1,0,0
1169,1,2,4,0.64705884,0.3529412,0,1,0,0
1170,0,2,4,0.1764706,0.47058824,0,1,0,0
1171,0,2,4,1.0,0.64705884,0,1,0,0
1172,0,10,4,0.8235294,0.47058824,0,1,0,0
1173,1,10,4,0.1764706,0.1764706,0,1,0,0
1174,0,2,5,0.64705884,0.29411766,0,1,0,0
1175,0,2,4,0.5294118,0.29411766,1,1,0,0
1176,0,11,4,0.64705884,0.29411766,0,1,0,0
1177,0,2,4,0.64705884,0.29411766,0,1,0,0
1178,1,2,4,0.88235295,0.47058824,0,1,0,0
1179,0,10,4,0.4117647,0.3529412,0,1,0,0
1180,0,2,4,0.64705884,0.64705884,0,1,0,0
1181,0,2,5,0.1764706,0.29411766,0,1,0,0
1182,0,2,4,0.1764706,0.64705884,0,1,0,0
1183,0,2,4,0.64705884,0.3529412,1,1,0,0
1184,0,2,4,0.29411766,0.29411766,0,1,0,0
1185,0,1,4,0.64705884,0.5294118,1,1,0,0
1186,1,2,4,0.64705884,0.47058824,1,1,0,0
1187,1,2,4,0.0,0.1764706,0,1,0,0
1188,1,2,0,0.64705884,0.47058824,0,1,0,0
1189,0,2,4,0.4117647,0.4117647,0,1,0,0
1190,0,2,4,0.1764706,0.64705884,0,1,0,0
1191,0,2,4,0.64705884,0.1764706,0,1,0,0
1192,1,1,4,0.23529412,0.29411766,1,1,0,0
1193,1,1,4,0.4117647,0.23529412,0,1,0,0
1194,1,1,10,0.1764706,0.3647059,0,1,0,0
1195,1,1,4,0.29411766,0.29411766,0,1,0,0
1196,0,2,5,0.88235295,0.29411766,0,1,0,0
1197,0,2,4,0.0,0.3529412,0,1,0,0
1198,0,2,5,0.1764706,0.47058824,1,1,0,0
1199,1,1,4,0.64705884,0.64705884,1,1,0,0
1200,1,2,4,0.47058824,0.29411766,1,1,0,0
1201,1,2,5,0.29411766,0.47058824,0,1,0,0
1202,0,2,5,0.4117647,0.47058824,1,1,0,0
1203,0,2,4,0.47058824,0.3529412,0,1,0,0
1204,0,2,4,0.4117647,0.4117647,0,1,0,0
1205,0,2,4,0.29411766,0.29411766,0,1,0,0
1206,1,2,5,0.64705884,0.3529412,1,1,0,0
1207,1,2,4,0.7647059,0.3529412,0,1,0,0
1208,0,2,4,0.5294118,0.47058824,0,1,0,0
1209,0,3,5,0.29411766,0.47058824,0,1,0,1
1210,0,3,5,0.29411766,0.47058824,0,1,0,0
1211,0,2,4,0.4117647,0.23529412,0,1,0,0
1212,0,2,5,0.4117647,0.23529412,0,1,0,0
1213,0,2,5,0.64705884,0.23529412,1,1,0,0
1214,1,1,4,0.64705884,0.29411766,1,1,0,0
1215,0,8,5,0.23529412,0.29411766,0,1,0,0
1216,0,8,5,0.29411766,0.29411766,0,1,0,0
1217,0,8,5,0.11764706,0.23529412,0,1,0,0
1218,0,8,5,0.3529412,0.4117647,0,1,0,0
1219,0,2,4,0.29411766,0.29411766,0,1,0,0
1220,0,2,0,0.0,0.11764706,0,1,0,0
1221,0,2,4,0.88235295,0.47058824,1,1,0,0
1222,1,10,4,0.64705884,0.3529412,0,1,0,0
1223,0,2,4,0.23529412,0.5294118,0,1,0,0
1224,0,2,4,0.47058824,0.23529412,0,1,0,0
1225,0,2,5,0.23529412,0.23529412,0,1,0,0
1226,0,2,5,0.64705884,0.29411766,0,1,0,0
1227,0,2,4,0.64705884,0.47058824,0,1,0,0
1228,0,2,4,0.29411766,0.3529412,0,1,0,0
1229,1,2,4,0.64705884,0.29411766,0,1,0,0
1230,0,11,0,0.64705884,0.29411766,1,1,0,1
1231,1,10,4,0.23529412,0.47058824,0,1,0,0
1232,1,10,4,0.5882353,0.3529412,0,1,0,0
1233,0,11,4,1.0,0.29411766,0,1,0,0
1234,1,1,4,0.64705884,0.47058824,0,1,0,0
1235,1,10,4,0.29411766,0.3529412,0,1,0,0
1236,0,10,4,0.1764706,0.29411766,1,1,0,0
1237,0,10,4,0.3529412,0.29411766,1,1,0,0
1238,0,2,5,0.64705884,0.29411766,0,1,0,0
1239,0,2,4,0.4117647,0.3529412,0,1,0,0
1240,0,2,4,0.64705884,0.3529412,0,1,0,0
1241,0,2,4,0.64705884,0.3529412,0,1,0,0
1242,1,10,4,0.23529412,0.4117647,0,1,0,0
1243,0,10,4,0.1764706,0.3529412,0,1,0,0
1244,0,10,4,0.64705884,0.1764706,1,1,0,0
1245,0,2,4,0.64705884,0.29411766,0,1,0,0
1246,0,8,5,0.64705884,0.23529412,0,1,0,0
1247,1,11,4,0.5294118,0.64705884,0,1,0,0
1248,0,1,4,0.29411766,0.47058824,0,1,0,0
1249,0,1,4,0.5294118,0.47058824,0,1,0,0
1250,0,2,5,0.64705884,0.1764706,0,1,0,0
1251,0,2,4,0.64705884,0.47058824,0,1,0,0
1252,0,2,4,0.29411766,0.3529412,1,1,0,1
1253,1,2,5,0.64705884,0.23529412,1,1,0,0
1254,0,10,4,0.47058824,0.47058824,1,1,0,0
1255,0,2,4,0.64705884,0.0,1,1,0,0
1256,0,1,4,0.7058824,0.5294118,0,1,0,0
1257,1,2,4,0.64705884,0.3529412,0,1,0,0
1258,1,2,4,0.4117647,0.29411766,1,1,0,0
1259,2,2,5,0.4117647,0.29411766,1,1,0,0
1260,2,2,4,0.47058824,0.3529412,0,1,0,0
1261,1,11,4,0.1764706,0.29411766,0,1,0,0
1262,1,2,5,0.8235294,0.4117647,1,1,0,0
1263,1,2,5,0.23529412,0.3529412,0,1,0,0
1264,1,2,4,0.0,0.3529412,0,1,0,0
1265,1,2,5,0.4117647,0.29411766,0,1,0,0
1266,1,2,4,0.5294118,0.29411766,1,1,0,1
1267,0,11,4,0.5294118,0.64705884,1,1,0,0
1268,0,2,4,0.64705884,0.47058824,0,1,0,0
1269,0,2,4,0.0,0.23529412,1,1,0,0
1270,0,2,4,0.29411766,0.47058824,1,1,0,0
1271,0,1,4,0.5294118,0.47058824,0,1,0,0
1272,0,2,4,0.47058824,0.29411766,0,1,0,0
1273,0,2,4,0.4117647,0.29411766,0,1,0,1
1274,0,2,0,0.88235295,0.11764706,1,1,0,0
1275,2,1,5,0.4117647,0.1764706,0,1,0,0
1276,2,1,5,0.64705884,0.29411766,0,1,0,0
1277,0,3,5,0.64705884,0.5294118,0,1,0,0
1278,0,1,4,0.64705884,0.64705884,0,1,0,0
1279,0,2,4,0.64705884,0.64705884,0,1,0,0
1280,1,10,4,0.1764706,0.47058824,1,1,0,0
1281,1,10,4,0.64705884,0.3529412,0,1,0,0
1282,0,2,4,0.4117647,0.64705884,0,1,0,0
1283,0,11,4,0.64705884,0.47058824,0,1,0,0
1284,2,8,4,0.4117647,0.47058824,0,1,0,0
1285,2,2,4,0.4117647,0.4117647,0,1,0,0
1286,0,2,0,0.64705884,0.1764706,1,1,0,0
1287,0,2,5,0.64705884,0.47058824,0,1,0,0
1288,0,2,4,0.5294118,0.29411766,0,1,0,0
1289,0,2,5,0.4117647,0.4117647,0,1,0,0
1290,1,10,4,0.4117647,0.47058824,0,1,0,0
1291,0,2,4,1.0,0.5294118,0,1,0,0
1292,1,8,4,0.1764706,0.47058824,0,1,0,0
1293,1,8,5,0.1764706,0.23529412,0,1,0,0
1294,1,8,4,0.4117647,0.23529412,0,1,0,0
1295,0,2,4,0.0,0.29411766,0,1,0,0
1296,0,2,4,0.5294118,0.23529412,1,1,0,0
1297,0,2,4,0.1764706,0.1764706,1,1,0,0
1298,0,11,4,0.29411766,0.29411766,0,1,0,0
1299,1,2,4,0.11764706,0.29411766,0,1,0,0
1300,1,2,4,0.5294118,0.47058824,1,1,0,0
1301,0,2,4,0.47058824,0.47058824,0,1,0,0
1302,0,8,4,0.64705884,0.29411766,0,1,0,0
1303,0,2,4,0.1764706,0.47058824,0,1,0,0
1304,2,2,4,0.64705884,0.29411766,0,1,0,0
1305,1,2,4,0.64705884,0.47058824,1,1,0,0
1306,0,8,4,0.1764706,0.29411766,0,1,0,0
1307,0,8,4,0.4117647,0.47058824,0,1,0,0
1308,2,2,0,0.64705884,0.29411766,0,1,0,0
1309,0,2,4,0.1764706,0.3529412,0,1,0,1
1310,0,2,4,0.4117647,0.29411766,0,1,0,0
1311,0,2,4,0.0,0.5294118,0,1,0,0
1312,0,2,4,0.64705884,0.29411766,0,1,0,0
1313,0,2,5,0.64705884,0.29411766,0,1,0,0
1314,1,10,4,0.4117647,0.23529412,0,1,0,0
1315,0,2,0,1.0,0.29411766,1,1,0,0
1316,0,2,4,0.64705884,0.4117647,0,1,0,0
1317,1,1,5,0.23529412,0.47058824,0,1,0,0
1318,0,2,4,0.64705884,0.29411766,0,1,0,0
1319,0,2,4,0.1764706,0.29411766,0,1,0,0
1320,0,2,4,0.29411766,0.1764706,0,1,0,0
1321,0,1,4,0.11764706,0.29411766,0,1,0,0
1322,0,1,5,0.64705884,0.29411766,0,1,0,0
1323,1,2,4,0.64705884,0.29411766,0,1,0,0
1324,1,2,5,0.64705884,0.11764706,0,1,0,0
1325,1,2,4,0.64705884,0.29411766,0,1,0,0
1326,1,2,4,0.7647059,0.47058824,0,1,0,0
1327,1,2,4,0.64705884,0.29411766,0,1,0,0
1328,0,3,4,0.1764706,0.29411766,0,1,0,0
1329,0,3,3,0.4117647,0.23529412,0,1,0,0
1330,1,10,4,0.23529412,0.4117647,1,1,0,0
1331,0,1,4,0.1764706,0.1764706,1,1,0,0
1332,0,2,4,0.88235295,0.47058824,0,1,0,1
1333,1,1,5,0.64705884,0.29411766,0,1,0,0
1334,0,2,5,0.4117647,0.47058824,0,1,0,0
1335,1,11,5,0.64705884,0.47058824,0,1,0,0
1336,1,11,4,0.9411765,0.64705884,0,1,0,0
1337,1,1,4,0.1764706,0.4117647,0,1,0,0
1338,1,1,4,0.64705884,0.47058824,0,1,0,0
1339,0,11,4,0.64705884,0.47058824,0,1,0,0
1340,0,11,4,0.4117647,0.4117647,0,1,0,0
1341,1,10,4,0.0,0.29411766,0,1,0,0
1342,1,10,4,0.4117647,0.64705884,0,1,0,0
1343,1,10,4,0.1764706,0.47058824,0,1,0,0
1344,1,2,5,0.64705884,0.1764706,1,1,0,0
1345,1,1,4,0.23529412,0.3529412,0,1,0,0
1346,1,1,4,0.1764706,0.1764706,0,1,0,0
1347,1,1,5,0.4117647,0.1764706,1,1,0,0
1348,0,2,4,0.29411766,0.29411766,0,1,0,0
1349,0,2,4,0.64705884,0.8235294,0,1,0,0
1350,0,2,4,0.64705884,0.47058824,0,1,0,0
1351,1,2,4,0.64705884,0.29411766,0,1,0,0
1352,1,2,3,0.1764706,0.64705884,0,1,0,0
1353,1,2,5,0.64705884,0.1764706,1,1,0,0
1354,1,2,4,0.5294118,0.29411766,0,1,0,0
1355,1,2,5,0.64705884,0.4117647,0,1,0,0
1356,0,2,4,0.4117647,0.29411766,0,1,0,0
1357,0,2,5,0.88235295,0.29411766,0,1,0,0
1358,0,2,4,0.29411766,0.47058824,0,1,0,0
1359,0,2,4,0.64705884,0.47058824,0,1,0,0
1360,0,2,4,0.4117647,0.47058824,1,1,0,0
1361,0,2,4,0.7647059,0.5882353,0,1,0,0
1362,1,2,4,0.4117647,0.3529412,0,1,0,0
1363,1,10,4,0.1764706,0.23529412,1,1,0,0
1364,1,10,4,0.64705884,0.5882353,0,1,0,1
1365,0,2,4,0.64705884,0.3529412,0,1,0,0
1366,0,2,4,0.4117647,0.64705884,0,1,0,0
1367,1,11,5,0.4117647,0.11764706,0,1,0,1
1368,0,10,4,0.7058824,0.64705884,0,1,0,0
1369,1,1,4,0.4117647,0.47058824,0,1,0,0
1370,0,2,4,0.1764706,0.1764706,0,1,0,1
1371,0,2,5,0.88235295,0.4117647,0,1,0,0
1372,0,8,5,0.1764706,0.11764706,0,1,0,0
1373,0,8,4,0.5294118,0.29411766,0,1,0,0
1374,0,11,4,0.5294118,0.23529412,1,1,0,0
1375,1,2,4,0.88235295,0.29411766,1,1,0,0
1376,0,8,5,0.29411766,0.3529412,0,1,0,0
1377,1,8,4,0.5294118,0.23529412,1,1,0,0
1378,0,2,4,0.4117647,0.29411766,0,1,0,0
1379,0,8,4,0.5294118,0.29411766,0,1,0,0
1380,0,8,4,0.4117647,0.29411766,0,1,0,0
1381,0,8,4,0.29411766,0.23529412,0,1,0,0
1382,0,8,4,0.4117647,0.47058824,0,1,0,0
1383,0,2,5,0.11764706,0.47058824,0,1,0,0
1384,0,2,4,0.4117647,0.47058824,0,1,0,0
1385,0,8,4,0.64705884,0.29411766,0,1,0,0
1386,1,10,4,0.23529412,0.29411766,0,1,0,0
1387,0,1,4,0.64705884,0.29411766,0,1,0,0
1388,1,2,5,0.11764706,0.4117647,0,1,0,0
1389,1,2,4,0.29411766,0.47058824,1,1,0,0
1390,1,2,4,0.4117647,0.47058824,0,1,0,0
1391,1,2,4,0.1764706,0.29411766,0,1,0,0
1392,1,2,4,0.64705884,0.23529412,0,1,0,0
1393,1,10,5,1.0,0.0,0,1,0,0
1394,1,1,5,0.64705884,0.5882353,0,1,0,0
1395,1,2,5,0.64705884,0.29411766,0,1,0,0
1396,2,8,5,0.23529412,0.29411766,0,1,0,0
1397,2,8,5,0.88235295,0.4117647,0,1,0,0
1398,2,8,4,0.23529412,0.29411766,0,1,0,0
1399,1,7,3,0.88235295,0.23529412,0,1,0,0
1400,1,2,4,0.64705884,0.29411766,0,1,0,0
1401,1,2,5,0.05882353,0.29411766,0,1,0,0
1402,1,2,5,0.47058824,0.47058824,1,1,0,0
1403,1,8,4,0.4117647,0.47058824,0,1,0,0
1404,1,8,4,0.11764706,0.29411766,0,1,0,0
1405,1,8,4,0.4117647,0.23529412,0,1,0,0
1406,1,2,5,0.64705884,0.3529412,0,1,0,0
1407,1,2,4,0.64705884,0.47058824,1,1,0,1
1408,1,1,4,0.29411766,0.29411766,0,1,0,0
1409,1,1,5,0.64705884,0.3529412,0,1,0,0
1410,1,1,4,0.64705884,0.47058824,0,1,0,0
1411,0,1,4,0.4117647,0.29411766,0,1,0,0
1412,1,8,4,0.5294118,0.47058824,0,1,0,0
1413,1,8,5,0.64705884,0.29411766,0,1,0,0
1414,0,8,4,0.0,0.1764706,0,1,0,0
1415,1,11,5,0.23529412,0.23529412,0,1,0,0
1416,0,2,4,0.0,0.23529412,0,1,0,0
1417,0,2,4,0.4117647,0.29411766,0,1,0,0
1418,0,2,5,0.64705884,0.47058824,0,1,0,0
1419,0,2,5,0.1764706,0.29411766,0,1,0,0
1420,0,2,4,0.29411766,0.1764706,0,1,0,0
1421,1,8,0,0.64705884,0.3529412,0,1,0,0
1422,1,2,4,0.64705884,0.4117647,0,1,0,0
1423,1,2,5,0.5294118,0.1764706,1,1,0,0
1424,0,2,4,0.64705884,0.3529412,0,1,0,0
1425,0,2,4,0.88235295,0.29411766,0,1,0,0
1426,0,2,3,0.5294118,0.3529412,0,1,0,0
1427,1,2,5,0.64705884,0.29411766,1,1,0,1
1428,1,2,4,0.1764706,0.3529412,0,1,0,0
1429,1,2,5,0.4117647,0.47058824,0,1,0,0
1430,0,10,4,0.64705884,0.29411766,0,1,0,0
1431,0,2,5,0.05882353,0.23529412,0,1,0,0
1432,0,2,4,0.4117647,0.47058824,0,1,0,0
1433,1,2,5,0.4117647,0.29411766,0,1,0,0
1434,1,2,4,0.1764706,0.11764706,0,1,0,0
1435,1,2,0,0.64705884,0.23529412,1,1,0,0
1436,1,2,4,0.64705884,0.3529412,0,1,0,0
1437,1,11,4,0.4117647,0.0,0,1,0,0
1438,2,10,4,0.64705884,0.3529412,0,1,0,0
1439,0,1,4,0.64705884,0.3529412,0,1,0,0
1440,0,10,5,0.4117647,0.47058824,0,1,0,0
1441,1,1,4,0.4117647,0.47058824,0,1,0,0
1442,1,1,4,0.64705884,0.29411766,1,1,0,0
1443,0,8,4,0.64705884,0.3529412,1,1,0,1
1444,0,8,4,0.1764706,0.4117647,0,1,0,0
1445,0,8,5,0.1764706,0.11764706,0,1,0,0
1446,0,8,0,0.1764706,0.1764706,1,1,0,0
1447,0,8,4,0.64705884,0.29411766,0,1,0,0
1448,0,8,3,0.4117647,0.29411766,0,1,0,0
1449,1,2,4,0.3529412,0.29411766,0,1,0,0
1450,0,8,5,0.64705884,0.29411766,0,1,0,0
1451,0,2,4,0.88235295,0.47058824,0,1,0,0
1452,1,10,5,0.11764706,0.47058824,0,1,0,0
1453,0,3,4,0.1764706,0.29411766,0,1,0,0
1454,0,3,3,0.1764706,0.47058824,0,1,0,0
1455,0,1,4,0.64705884,0.4117647,0,1,0,0
1456,0,1,3,0.4117647,0.11764706,0,1,0,0
1457,0,1,5,0.29411766,0.29411766,0,1,0,0
1458,0,10,4,0.64705884,0.1764706,1,1,0,0
1459,0,2,5,0.29411766,0.23529412,0,1,0,0
1460,0,1,4,0.88235295,0.47058824,0,1,0,0
1461,0,1,4,0.64705884,0.29411766,0,1,0,0
1462,0,2,4,0.64705884,1.0,0,1,0,0
1463,0,2,5,0.4117647,0.29411766,0,1,0,0
1464,0,2,5,0.88235295,0.29411766,0,1,0,0
1465,2,1,4,0.29411766,0.47058824,0,1,0,0
1466,2,1,4,0.4117647,0.47058824,0,1,0,0
1467,2,1,5,0.47058824,0.5294118,0,1,0,0
1468,2,1,4,0.4117647,0.29411766,0,1,0,0
1469,2,2,4,0.88235295,0.3529412,1,1,0,0
1470,0,11,5,1.0,0.4117647,0,1,0,0
1471,0,2,0,0.64705884,0.11764706,0,0,1,0
1472,0,1,4,0.64705884,0.64705884,0,1,0,0
1473,0,1,4,0.64705884,0.4117647,0,1,0,0
1474,0,2,4,0.47058824,0.29411766,0,1,0,0
1475,0,1,5,0.64705884,0.5294118,0,1,0,0
1476,0,1,4,0.4117647,0.29411766,1,1,0,0
1477,0,3,5,0.0,0.5294118,1,1,0,0
1478,0,3,4,0.64705884,0.7647059,0,1,0,0
1479,0,2,4,0.4117647,0.23529412,1,1,0,0
1480,1,11,4,0.64705884,0.64705884,0,1,0,0
1481,1,1,4,0.4117647,0.3529412,0,1,0,0
1482,0,2,4,0.4117647,0.1764706,0,1,0,0
1483,0,2,4,0.64705884,0.29411766,0,1,0,0
1484,1,1,4,0.47058824,0.29411766,0,1,0,0
1485,1,2,5,0.64705884,0.4117647,1,1,0,0
1486,1,2,3,0.1764706,0.4117647,0,1,0,0
1487,1,2,4,0.4117647,0.47058824,0,1,0,0
1488,0,2,4,1.0,0.23529412,0,1,0,0
1489,0,10,5,0.64705884,0.4117647,0,1,0,0
1490,1,2,4,0.64705884,0.47058824,0,1,0,0
1491,0,2,5,0.64705884,0.4117647,0,1,0,0
1492,1,2,4,0.4117647,0.4117647,0,1,0,0
1493,1,2,4,0.29411766,0.4117647,0,1,0,0
1494,1,2,4,0.64705884,0.05882353,1,1,0,0
1495,0,11,4,0.29411766,0.47058824,0,1,0,0
1496,0,2,4,0.1764706,0.23529412,0,1,0,0
1497,0,2,5,0.1764706,0.29411766,1,1,0,0
1498,0,2,5,0.64705884,0.47058824,0,1,0,0
1499,1,2,4,0.1764706,0.29411766,0,1,0,0
1500,1,2,4,0.4117647,0.47058824,1,1,0,0
1501,1,2,5,0.64705884,0.29411766,0,1,0,0
1502,1,3,5,0.1764706,0.0,0,1,0,0
1503,1,3,5,0.1764706,0.11764706,1,1,0,0
1504,1,3,4,0.64705884,0.29411766,0,1,0,0
1505,0,2,4,0.5294118,0.29411766,0,1,0,0
1506,0,2,4,0.1764706,0.23529412,0,1,0,0
1507,1,2,4,0.64705884,0.23529412,1,1,0,0
1508,0,10,5,0.5294118,0.29411766,0,1,0,0
1509,0,10,4,0.29411766,0.29411766,0,1,0,0
1510,0,2,0,0.88235295,0.3529412,0,1,0,0
1511,1,8,0,0.0,0.11764706,0,1,0,0
1512,1,8,5,0.64705884,0.29411766,0,1,0,0
1513,1,8,4,1.0,0.5294118,0,1,0,0
1514,0,1,5,0.64705884,0.47058824,1,1,0,0
1515,1,2,4,0.64705884,0.47058824,0,1,0,0
1516,0,2,4,0.64705884,0.29411766,0,1,0,0
1517,0,2,4,0.1764706,0.29411766,0,1,0,0
1518,0,2,0,0.64705884,0.29411766,1,1,0,0
1519,0,2,4,0.64705884,0.47058824,0,1,0,0
1520,1,1,5,0.1764706,0.29411766,0,1,0,0
1521,1,1,4,0.5294118,0.47058824,0,1,0,0
1522,0,1,4,0.64705884,0.29411766,1,1,0,0
1523,1,11,4,0.88235295,0.47058824,0,1,0,0
1524,0,2,4,0.64705884,0.47058824,0,1,0,0
1525,0,8,4,1.0,0.3529412,0,1,0,0
1526,1,2,0,0.64705884,0.29411766,0,1,0,0
1527,1,2,4,0.0,0.29411766,0,1,0,0
1528,1,2,4,0.23529412,0.1764706,0,1,0,0
1529,1,2,5,0.1764706,0.29411766,0,1,0,0
1530,1,2,5,0.64705884,0.29411766,0,1,0,0
1531,1,2,4,0.5294118,0.5294118,0,1,0,0
1532,0,8,3,0.23529412,0.11764706,0,1,0,0
1533,0,8,4,0.23529412,0.4117647,0,1,0,0
1534,0,8,5,0.29411766,0.23529412,0,1,0,0
1535,0,8,4,0.64705884,0.29411766,0,1,0,0
1536,0,2,4,0.29411766,0.5294118,0,1,0,0
1537,0,1,4,0.29411766,0.1764706,1,1,0,0
1538,0,1,4,0.11764706,0.5294118,0,1,0,0
1539,0,8,0,0.64705884,0.23529412,1,1,0,0
1540,0,3,4,0.64705884,0.3529412,0,1,0,0
1541,0,1,4,0.4117647,0.29411766,0,1,0,0
1542,0,1,4,0.64705884,0.47058824,0,1,0,0
1543,1,8,4,0.64705884,0.23529412,0,1,0,0
1544,1,10,4,0.1764706,0.23529412,0,1,0,0
1545,1,10,4,0.64705884,0.4117647,0,1,0,0
1546,0,1,5,0.4117647,0.29411766,0,1,0,0
1547,0,1,3,0.1764706,0.1764706,0,1,0,0
1548,0,1,4,0.5294118,0.47058824,0,1,0,0
1549,0,2,4,0.4117647,0.0,0,1,0,0
1550,0,2,4,0.29411766,0.88235295,0,1,0,0
1551,0,2,4,0.64705884,0.29411766,1,1,0,0
1552,0,1,4,0.4117647,0.4117647,1,1,0,0
1553,0,1,4,0.1764706,0.29411766,0,1,0,0
1554,0,1,5,0.64705884,0.1764706,0,1,0,0
1555,0,2,4,0.1764706,0.3529412,0,1,0,0
1556,0,10,4,0.3529412,0.29411766,1,1,0,0
1557,1,2,0,0.0,0.23529412,0,1,0,0
1558,1,2,5,0.64705884,0.47058824,0,1,0,0
1559,1,11,5,0.64705884,0.4117647,0,1,0,0
1560,1,2,5,0.29411766,0.4117647,0,1,0,0
1561,1,2,4,0.64705884,0.4117647,0,1,0,0
1562,1,2,4,0.1764706,0.23529412,0,1,0,0
1563,1,10,4,0.11764706,0.3529412,1,1,0,0
1564,0,1,4,0.4117647,0.29411766,0,1,0,0
1565,0,8,4,0.5294118,0.3529412,0,1,0,0
1566,1,2,4,0.64705884,0.64705884,0,1,0,0
1567,1,2,4,0.64705884,0.47058824,0,1,0,0
1568,1,2,4,0.47058824,0.4117647,0,1,0,0
1569,0,2,4,0.5294118,0.47058824,0,1,0,0
1570,0,2,5,0.1764706,0.29411766,0,1,0,0
1571,0,2,4,0.64705884,0.29411766,0,1,0,0
1572,0,2,0,0.64705884,0.29411766,0,1,0,0
1573,0,8,4,0.4117647,0.3529412,0,1,0,0
1574,1,10,4,0.64705884,0.3529412,0,1,0,0
1575,0,2,5,0.7058824,0.3529412,0,1,0,1
1576,0,2,4,0.64705884,0.29411766,0,1,0,0
1577,0,3,4,0.47058824,0.29411766,0,1,0,0
1578,0,8,4,0.4117647,0.64705884,0,1,0,0
1579,0,1,3,0.4117647,0.29411766,0,1,0,0
1580,0,1,5,0.1764706,0.29411766,1,1,0,0
1581,0,1,0,0.11764706,0.1764706,0,1,0,0
1582,0,1,5,0.4117647,0.1764706,0,1,0,0
1583,0,1,5,0.64705884,0.23529412,0,1,0,0
1584,0,2,5,0.29411766,0.29411766,0,1,0,0
1585,0,10,4,0.88235295,0.5294118,0,1,0,0
1586,0,3,5,0.0,0.05882353,0,1,0,0
1587,0,3,4,0.64705884,0.47058824,0,1,0,0
1588,0,2,4,0.23529412,0.3529412,0,1,0,0
1589,0,2,4,0.64705884,0.4117647,0,1,0,0
1590,0,2,5,0.11764706,0.29411766,0,1,0,0
1591,0,2,4,0.29411766,0.4117647,0,1,0,0
1592,0,2,5,0.4117647,0.3529412,0,1,0,0
1593,1,2,0,0.29411766,0.5294118,1,1,0,1
1594,0,10,4,0.64705884,0.29411766,1,1,0,0
1595,0,10,4,0.4117647,0.29411766,0,1,0,0
1596,0,10,4,0.1764706,0.29411766,1,1,0,0
1597,0,10,4,0.64705884,0.47058824,0,1,0,0
1598,1,2,4,0.4117647,0.47058824,0,1,0,0
1599,0,2,5,0.29411766,0.29411766,0,1,0,0
1600,1,2,4,1.0,0.29411766,0,1,0,0
1601,1,2,4,0.64705884,0.29411766,0,1,0,0
1602,1,2,5,0.4117647,0.29411766,0,1,0,1
1603,1,2,4,0.1764706,0.47058824,0,1,0,0
1604,0,2,4,0.1764706,0.29411766,0,1,0,0
1605,0,2,4,0.64705884,0.4117647,0,1,0,0
1606,1,2,0,0.4117647,0.64705884,0,1,0,0
1607,1,2,5,0.64705884,0.47058824,0,1,0,0
1608,0,2,3,0.4117647,0.29411766,0,1,0,0
1609,0,1,4,0.1764706,0.64705884,0,1,0,0
1610,1,11,4,0.64705884,0.47058824,1,1,0,0
1611,1,1,4,0.1764706,0.29411766,0,1,0,0
1612,1,10,4,0.64705884,0.5294118,1,1,0,0
1613,1,2,4,0.64705884,0.29411766,1,1,0,0
1614,1,10,4,0.88235295,0.3529412,0,1,0,0
1615,1,2,4,0.4117647,0.29411766,0,1,0,0
1616,1,8,4,0.0,0.4117647,0,1,0,0
1617,1,8,0,0.64705884,0.23529412,0,1,0,0
1618,1,11,4,0.64705884,0.47058824,0,1,0,0
1619,0,2,4,0.4117647,0.4117647,1,1,0,0
1620,0,2,4,0.1764706,0.47058824,0,1,0,0
1621,0,2,5,0.4117647,0.0,0,1,0,0
1622,0,2,4,0.4117647,0.3529412,0,1,0,0
1623,0,10,4,0.47058824,0.64705884,1,1,0,0
1624,1,10,4,0.47058824,0.1764706,0,1,0,0
1625,1,10,5,0.64705884,0.29411766,0,1,0,0
1626,0,1,4,0.29411766,0.1764706,0,1,0,0
1627,0,1,4,0.4117647,0.47058824,1,1,0,0
1628,0,11,4,0.88235295,0.3529412,0,1,0,0
1629,0,8,4,0.64705884,0.29411766,0,1,0,0
1630,0,1,4,0.8235294,0.47058824,1,1,0,0
1631,1,8,4,0.64705884,0.4117647,0,1,0,0
1632,1,11,5,0.4117647,0.3529412,0,1,0,0
1633,1,10,4,0.4117647,0.47058824,0,1,0,0
1634,0,1,4,0.29411766,0.4117647,0,1,0,0
1635,0,1,4,0.64705884,0.11764706,0,1,0,0
1636,1,2,4,0.88235295,0.29411766,0,1,0,0
1637,1,2,3,0.64705884,0.11764706,0,1,0,0
1638,1,2,5,0.64705884,0.11764706,0,1,0,0
1639,1,2,4,0.64705884,0.3529412,1,1,0,0
1640,1,10,4,1.0,0.3529412,0,1,0,0
1641,1,2,4,0.4117647,0.29411766,0,1,0,0
1642,1,2,4,0.0,0.4117647,0,1,0,0
1643,0,8,4,0.1764706,0.29411766,0,1,0,0
1644,0,2,4,0.5294118,0.29411766,0,1,0,0
1645,1,1,5,0.4117647,0.4117647,0,1,0,0
1646,1,1,4,0.1764706,0.3529412,1,1,0,0
1647,1,1,4,0.88235295,0.3529412,1,1,0,0
1648,0,2,5,0.47058824,0.05882353,0,1,0,0
1649,0,2,4,0.29411766,0.3529412,1,1,0,0
1650,0,10,5,0.64705884,0.4117647,0,1,0,0
1651,1,2,4,0.4117647,0.29411766,0,1,0,0
1652,0,3,4,0.1764706,0.29411766,0,1,0,0
1653,0,2,4,0.1764706,0.4117647,1,1,0,0
1654,0,2,5,0.88235295,0.29411766,0,1,0,0
1655,0,2,4,0.05882353,0.29411766,0,1,0,0
1656,0,2,5,0.4117647,0.23529412,0,1,0,0
1657,1,2,4,0.88235295,0.4117647,0,1,0,0
1658,0,2,5,0.29411766,0.23529412,0,1,0,0
1659,0,2,4,0.88235295,0.29411766,0,1,0,0
1660,0,10,3,0.23529412,0.29411766,0,1,0,0
1661,0,10,4,0.64705884,0.23529412,0,1,0,0
1662,1,2,4,0.29411766,0.29411766,0,1,0,0
1663,1,2,4,0.88235295,0.47058824,0,1,0,0
1664,1,8,4,0.1764706,0.4117647,0,1,0,0
1665,1,8,4,0.64705884,0.3529412,0,1,0,0
1666,0,2,5,0.64705884,0.29411766,0,1,0,0
1667,0,2,4,0.0,0.11764706,0,1,0,0
1668,0,2,4,0.0,0.47058824,1,1,0,0
1669,0,2,0,0.11764706,0.05882353,0,1,0,0
1670,0,2,0,0.64705884,0.29411766,0,1,0,0
1671,0,2,4,0.64705884,0.29411766,0,1,0,0
1672,0,10,4,0.0,0.1764706,0,1,0,0
1673,0,10,4,0.1764706,0.3529412,0,1,0,0
1674,1,1,4,1.0,0.29411766,0,1,0,0
1675,1,1,5,0.3529412,0.29411766,0,1,0,0
1676,1,2,4,0.4117647,0.05882353,1,1,0,0
1677,1,2,4,0.64705884,0.4117647,0,1,0,0
1678,0,2,5,0.29411766,0.4117647,0,1,0,0
1679,0,11,5,0.1764706,0.3529412,0,1,0,0
1680,0,11,4,0.1764706,0.3529412,0,1,0,0
1681,1,10,5,0.1764706,0.3529412,0,1,0,0
1682,1,10,5,0.1764706,0.29411766,0,1,0,1
1683,1,8,4,0.3529412,0.29411766,0,1,0,0
1684,1,8,0,0.64705884,0.4117647,1,1,0,0
1685,1,8,4,0.29411766,0.29411766,0,1,0,0
1686,0,1,4,0.88235295,0.47058824,1,1,0,0
1687,0,10,5,0.64705884,0.29411766,0,1,0,0
1688,0,11,4,0.4117647,0.1764706,0,1,0,0
1689,0,2,4,0.64705884,0.29411766,0,1,0,0
1690,0,2,4,0.5294118,0.5294118,0,1,0,0
1691,0,8,4,1.0,0.29411766,0,1,0,0
1692,0,8,5,0.5294118,0.23529412,0,1,0,0
1693,2,2,4,0.64705884,0.29411766,0,1,0,0
1694,0,2,5,0.11764706,0.47058824,0,1,0,0
1695,0,2,4,0.1764706,0.4117647,0,1,0,0
1696,0,2,4,0.88235295,0.3529412,0,1,0,0
1697,1,2,5,0.29411766,0.47058824,0,1,0,0
1698,1,2,0,0.1764706,0.11764706,0,1,0,0
1699,1,7,5,0.64705884,0.4117647,0,1,0,0
1700,0,2,4,0.7647059,0.4117647,0,1,0,0
1701,0,2,4,0.64705884,0.29411766,0,1,0,0
1702,0,2,4,0.88235295,0.4117647,0,1,0,0
1703,0,3,4,0.0,0.29411766,1,1,0,0
1704,0,3,4,0.11764706,0.29411766,0,1,0,0
1705,2,2,5,0.4117647,0.23529412,0,1,0,0
1706,0,11,4,0.64705884,0.3529412,0,1,0,0
1707,0,11,4,0.64705884,0.29411766,0,1,0,0
1708,0,2,4,1.0,0.47058824,0,1,0,0
1709,0,2,4,0.64705884,0.5294118,0,1,0,0
1710,0,2,4,0.64705884,0.1764706,1,1,0,0
1711,1,8,4,0.4117647,0.3529412,1,1,0,0
1712,1,8,5,0.1764706,0.29411766,0,1,0,0
1713,1,8,4,0.0,0.47058824,0,1,0,0
1714,1,8,4,0.64705884,0.4117647,0,1,0,0
1715,0,2,4,0.88235295,0.29411766,1,1,0,0
1716,1,2,5,0.64705884,0.29411766,0,1,0,0
1717,0,2,0,0.64705884,0.1764706,0,1,0,0
1718,0,2,5,0.29411766,0.23529412,0,1,0,0
1719,0,2,4,0.64705884,0.29411766,0,1,0,0
1720,0,10,4,0.88235295,0.05882353,0,1,0,0
1721,0,10,4,0.64705884,0.3529412,0,1,0,0
1722,2,2,5,0.7058824,0.3529412,0,1,0,0
1723,2,2,4,0.4117647,0.4117647,1,1,0,0
1724,0,11,4,0.7647059,0.29411766,1,1,0,0
1725,0,2,5,0.1764706,0.29411766,0,1,0,1
1726,0,8,4,0.4117647,0.29411766,0,1,0,0
1727,1,2,4,0.64705884,0.11764706,0,1,0,0
1728,0,11,5,0.11764706,0.29411766,0,1,0,0
1729,0,11,4,0.64705884,0.29411766,0,1,0,0
1730,0,10,4,0.0,0.0,0,1,0,0
1731,0,10,4,0.4117647,0.29411766,0,1,0,0
1732,0,2,4,0.4117647,0.29411766,0,1,0,0
1733,0,2,4,0.1764706,0.3529412,0,1,0,0
1734,0,2,0,0.88235295,0.1764706,0,1,0,0
1735,1,2,4,0.4117647,0.3529412,0,1,0,0
1736,0,1,4,0.4117647,0.4117647,0,1,0,0
1737,1,10,4,0.5294118,0.29411766,0,1,0,0
1738,1,10,5,0.1764706,0.29411766,0,1,0,0
1739,1,10,4,0.64705884,0.3529412,0,1,0,0
1740,0,2,4,0.4117647,0.3529412,0,1,0,0
1741,0,2,5,0.29411766,0.11764706,0,1,0,0
1742,0,2,4,0.4117647,0.29411766,0,1,0,0
1743,0,2,4,0.1764706,0.29411766,0,1,0,0
1744,0,2,4,0.64705884,0.23529412,0,1,0,0
1745,0,1,4,0.64705884,0.47058824,1,1,0,0
1746,0,2,4,0.64705884,0.29411766,0,1,0,0
1747,0,2,5,0.4117647,0.23529412,1,1,0,0
1748,0,2,4,0.4117647,0.3529412,0,1,0,0
1749,0,2,4,0.64705884,0.23529412,0,1,0,0
1750,0,2,5,0.4117647,0.1764706,0,1,0,0
1751,1,2,5,0.23529412,0.29411766,0,1,0,0
1752,1,2,4,0.1764706,0.29411766,1,1,0,0
1753,1,2,4,0.64705884,0.3529412,0,1,0,0
1754,0,1,0,0.64705884,0.05882353,0,1,0,0
1755,0,8,4,0.64705884,0.4117647,0,1,0,0
1756,0,1,5,0.64705884,0.47058824,0,1,0,0
1757,0,2,4,0.1764706,0.29411766,0,1,0,0
1758,0,11,4,0.4117647,0.1764706,0,1,0,0
1759,0,2,4,0.88235295,0.3529412,0,1,0,0
1760,0,2,4,0.1764706,0.29411766,0,1,0,0
1761,0,3,0,0.64705884,0.47058824,1,1,0,0
1762,0,2,4,0.1764706,0.3529412,0,1,0,0
1763,0,2,0,0.88235295,0.1764706,0,1,0,0
1764,1,8,0,1.0,0.05882353,0,1,0,0
1765,1,8,4,0.64705884,0.47058824,1,1,0,0
1766,0,1,4,0.29411766,0.64705884,0,1,0,0
1767,0,1,5,0.64705884,0.29411766,0,1,0,0
1768,0,3,5,0.64705884,0.29411766,0,1,0,0
1769,0,3,4,0.4117647,0.29411766,0,1,0,0
1770,0,3,4,0.64705884,0.29411766,0,1,0,0
1771,0,2,4,0.5882353,0.64705884,0,1,0,0
1772,0,2,5,0.4117647,0.11764706,0,1,0,0
1773,0,1,4,0.64705884,0.4117647,1,1,0,0
1774,0,1,4,0.88235295,0.4117647,0,1,0,0
1775,1,1,4,0.29411766,0.47058824,0,1,0,0
1776,1,11,4,0.64705884,0.47058824,0,1,0,0
1777,0,10,4,0.5294118,0.1764706,0,1,0,0
1778,1,2,4,0.29411766,0.29411766,1,1,0,0
1779,1,2,4,0.64705884,0.29411766,0,1,0,0
1780,1,2,5,0.4117647,0.1764706,0,1,0,0
1781,2,2,4,0.1764706,0.3529412,0,1,0,0
1782,2,2,4,0.64705884,0.29411766,1,1,0,0
1783,0,8,4,0.64705884,0.29411766,0,1,0,0
1784,0,2,4,0.4117647,0.4117647,0,1,0,0
1785,0,8,4,0.88235295,0.29411766,0,1,0,0
1786,0,2,4,0.23529412,0.1764706,0,1,0,0
1787,0,2,4,0.64705884,0.47058824,0,1,0,0
1788,0,2,5,0.29411766,0.3529412,0,1,0,0
1789,0,2,5,0.64705884,0.11764706,0,1,0,0
1790,0,2,3,0.64705884,0.29411766,0,1,0,0
1791,1,2,4,0.1764706,0.29411766,0,1,0,0
1792,1,2,4,0.1764706,0.3529412,0,1,0,0
1793,1,11,4,0.0,0.7058824,0,1,0,0
1794,1,2,4,0.1764706,0.47058824,0,1,0,0
1795,1,2,5,0.64705884,0.3529412,1,1,0,1
1796,1,2,4,0.47058824,0.29411766,0,1,0,0
1797,0,2,4,0.1764706,0.3529412,0,1,0,0
1798,0,2,5,0.29411766,0.11764706,0,1,0,0
1799,0,2,4,0.4117647,0.64705884,1,1,0,0
1800,0,2,4,0.0,0.3529412,0,1,0,0
1801,0,2,5,0.4117647,0.4117647,1,1,0,0
1802,1,2,4,0.64705884,0.47058824,0,1,0,0
1803,0,1,4,0.1764706,0.64705884,1,1,0,0
1804,0,1,4,0.1764706,0.1764706,0,1,0,0
1805,0,1,4,0.29411766,0.4117647,0,1,0,0
1806,1,10,4,0.4117647,0.3529412,0,1,0,0
1807,0,2,4,0.64705884,0.47058824,0,1,0,0
1808,1,2,4,0.5294118,0.4117647,0,1,0,0
1809,1,11,4,0.64705884,0.47058824,0,1,0,0
1810,1,11,0,0.1764706,0.3529412,0,1,0,0
1811,1,2,4,0.29411766,0.29411766,1,1,0,0
1812,1,2,4,0.64705884,0.3529412,0,1,0,0
1813,0,2,5,0.47058824,0.5294118,0,1,0,0
1814,1,2,4,0.4117647,0.4117647,1,1,0,0
1815,1,10,4,0.05882353,0.29411766,0,1,0,0
1816,1,10,4,0.64705884,0.47058824,0,1,0,0
1817,0,2,4,0.05882353,0.4117647,0,1,0,0
1818,0,2,4,0.5294118,0.4117647,0,1,0,0
1819,1,2,4,0.4117647,0.1764706,0,1,0,0
1820,1,2,4,0.11764706,0.29411766,0,1,0,0
1821,1,2,4,0.64705884,0.29411766,0,1,0,0
1822,1,2,3,1.0,0.11764706,0,1,0,0
1823,1,2,4,0.5294118,0.64705884,0,1,0,0
1824,0,8,4,0.64705884,0.64705884,1,1,0,0
1825,0,8,4,0.29411766,0.47058824,0,1,0,0
1826,0,1,5,0.64705884,0.29411766,0,1,0,0
1827,0,1,4,0.64705884,0.29411766,0,1,0,0
1828,0,1,4,0.3529412,0.7058824,0,1,0,0
1829,1,2,4,0.3529412,0.29411766,0,1,0,0
1830,1,2,4,0.4117647,0.11764706,0,1,0,0
1831,1,2,4,0.1764706,0.1764706,1,1,0,0
1832,1,2,5,0.1764706,0.29411766,0,1,0,0
1833,2,2,5,0.4117647,0.29411766,0,1,0,0
1834,2,2,4,0.29411766,0.47058824,0,1,0,0
1835,0,11,4,0.4117647,0.29411766,0,1,0,0
1836,1,2,4,0.1764706,0.4117647,0,1,0,0
1837,1,2,4,0.5294118,0.3529412,1,1,0,0
1838,0,11,5,0.4117647,0.23529412,1,1,0,0
1839,0,11,4,0.8235294,0.4117647,1,1,0,0
1840,0,10,0,0.1764706,0.1764706,1,0,0,0
1841,0,2,4,0.64705884,0.64705884,0,1,0,0
1842,1,1,4,0.29411766,0.29411766,0,1,0,0
1843,1,1,4,0.64705884,0.29411766,0,1,0,0
1844,1,2,4,0.3529412,0.47058824,0,1,0,0
1845,1,2,4,0.4117647,0.47058824,0,1,0,0
1846,1,10,4,0.1764706,0.29411766,0,1,0,0
1847,1,10,4,0.5294118,0.47058824,0,1,0,0
1848,1,2,4,0.5294118,0.23529412,0,1,0,0
1849,1,2,5,0.64705884,0.1764706,0,1,0,0
1850,1,2,5,0.47058824,0.05882353,0,1,0,0
1851,1,1,4,0.64705884,0.5294118,0,1,0,0
1852,0,2,4,0.23529412,0.29411766,0,1,0,0
1853,0,2,0,0.1764706,0.1764706,0,1,0,0
1854,1,10,4,0.1764706,0.64705884,1,1,0,0
1855,1,10,4,0.64705884,0.64705884,1,1,0,0
1856,1,11,5,0.64705884,0.29411766,0,1,0,0
1857,0,10,4,0.64705884,0.47058824,0,1,0,0
1858,0,2,5,0.4117647,0.1764706,1,1,0,0
1859,0,3,0,0.1764706,0.11764706,1,1,0,1
1860,0,3,0,0.64705884,0.29411766,0,1,0,0
1861,0,2,5,0.64705884,0.29411766,0,1,0,0
1862,0,2,4,0.5294118,0.29411766,1,1,0,0
1863,0,8,4,0.5294118,0.3529412,0,1,0,0
1864,0,2,4,0.0,0.4117647,0,1,0,0
1865,0,2,4,0.64705884,0.47058824,0,1,0,0
1866,0,10,4,0.64705884,0.1764706,1,1,0,0
1867,1,2,5,0.4117647,0.47058824,0,1,0,0
1868,1,2,0,0.4117647,0.05882353,0,1,0,1
1869,1,2,5,0.11764706,0.29411766,0,1,0,0
1870,1,2,4,0.23529412,0.3529412,1,1,0,0
1871,0,1,4,0.64705884,0.3529412,1,1,0,0
1872,0,10,5,0.5294118,0.1764706,0,1,0,0
1873,0,10,4,0.64705884,0.29411766,0,1,0,0
1874,0,10,4,0.64705884,0.3529412,0,1,0,0
1875,1,11,4,0.5294118,0.29411766,0,1,0,0
1876,0,10,4,0.64705884,0.29411766,0,1,0,0
1877,1,10,5,0.23529412,0.29411766,0,1,0,0
1878,0,2,4,1.0,0.3529412,0,1,0,0
1879,0,10,4,0.64705884,0.29411766,0,1,0,0
1880,0,10,4,0.4117647,0.29411766,1,1,0,0
1881,0,10,5,0.23529412,0.29411766,0,1,0,0
1882,0,8,4,0.29411766,0.23529412,0,1,0,0
1883,0,8,4,0.88235295,0.5882353,0,1,0,0
1884,1,1,4,0.0,0.29411766,0,1,0,0
1885,0,2,4,0.64705884,0.29411766,0,1,0,0
1886,0,2,5,0.1764706,0.23529412,0,1,0,0
1887,0,2,4,0.64705884,0.23529412,0,1,0,0
1888,0,2,4,0.88235295,0.29411766,1,1,0,0
1889,0,2,4,0.0,0.23529412,0,1,0,0
1890,0,2,5,0.29411766,0.23529412,0,1,0,0
1891,1,10,4,0.5294118,0.29411766,1,1,0,0
1892,0,2,4,0.1764706,0.47058824,0,1,0,0
1893,0,2,4,0.88235295,0.29411766,0,1,0,0
1894,1,8,4,0.64705884,0.5294118,0,1,0,0
1895,2,2,4,0.23529412,0.1764706,1,1,0,0
1896,2,2,4,0.64705884,0.3529412,0,1,0,0
1897,0,1,4,0.23529412,0.47058824,1,1,0,0
1898,0,1,5,0.1764706,0.23529412,0,1,0,0
1899,0,1,4,0.4117647,0.3529412,0,1,0,0
1900,0,2,5,0.88235295,0.64705884,0,1,0,0
1901,0,1,5,0.4117647,0.29411766,1,1,0,0
1902,0,8,4,0.4117647,0.4117647,1,1,0,0
1903,1,8,3,0.88235295,0.3529412,0,1,0,0
1904,2,2,4,0.64705884,0.3529412,0,1,0,0
1905,1,11,5,0.23529412,0.47058824,1,1,0,0
1906,1,11,4,0.64705884,0.23529412,0,1,0,0
1907,1,11,5,0.5294118,0.4117647,0,1,0,0
1908,2,2,4,0.23529412,0.47058824,0,1,0,0
1909,0,2,0,0.4117647,0.29411766,0,1,0,0
1910,0,2,4,0.4117647,0.64705884,0,1,0,0
1911,0,2,4,0.8235294,0.4117647,0,1,0,0
1912,1,10,5,0.1764706,0.05882353,0,1,0,0
1913,0,11,4,0.47058824,0.47058824,0,1,0,0
1914,0,11,4,0.88235295,0.3529412,0,1,0,0
1915,1,2,4,0.64705884,0.23529412,0,1,0,0
1916,1,10,5,0.1764706,0.29411766,0,1,0,0
1917,0,3,4,1.0,0.23529412,0,1,0,0
1918,0,2,4,0.47058824,0.47058824,0,1,0,0
1919,0,2,4,0.64705884,0.23529412,0,1,0,0
1920,0,8,4,0.4117647,0.1764706,1,1,0,0
1921,1,8,4,0.64705884,0.29411766,0,1,0,0
1922,1,2,4,0.4117647,0.3529412,0,1,0,0
1923,1,2,5,0.47058824,0.3529412,0,1,0,0
1924,1,11,4,0.64705884,0.47058824,0,1,0,0
1925,0,2,5,0.3529412,0.1764706,0,1,0,0
1926,0,2,4,0.4117647,0.1764706,0,1,0,0
1927,0,1,4,1.0,0.47058824,0,1,0,0
1928,0,2,4,0.29411766,0.47058824,0,1,0,0
1929,1,2,4,0.1764706,0.47058824,0,1,0,0
1930,1,2,4,0.64705884,0.4117647,0,1,0,0
1931,0,2,4,0.4117647,0.29411766,0,1,0,0
1932,0,2,4,0.0,0.4117647,0,1,0,0
1933,0,2,0,0.29411766,0.29411766,0,1,0,0
1934,2,2,5,0.1764706,0.29411766,0,1,0,0
1935,2,2,4,0.29411766,0.29411766,0,1,0,0
1936,2,2,4,0.5294118,0.64705884,0,1,0,0
1937,2,2,4,0.64705884,0.3529412,1,1,0,0
1938,1,2,4,0.4117647,0.1764706,0,1,0,0
1939,1,2,5,0.64705884,0.3529412,0,1,0,0
1940,0,1,4,0.47058824,0.23529412,0,1,0,0
1941,1,2,4,0.64705884,0.3529412,1,1,0,0
1942,0,10,4,0.29411766,0.5882353,1,1,1,0
1943,0,2,4,0.64705884,0.29411766,0,1,0,0
1944,0,2,4,0.64705884,0.47058824,0,1,0,0
1945,0,2,4,0.29411766,0.29411766,0,1,0,0
1946,1,8,4,0.1764706,0.23529412,0,1,0,0
1947,1,1,4,0.5294118,0.29411766,0,1,0,0
1948,0,10,5,0.64705884,0.3529412,0,1,0,0
1949,0,10,4,0.4117647,0.29411766,0,1,0,0
1950,0,10,4,0.29411766,0.64705884,0,1,0,0
1951,0,10,5,0.0,0.11764706,0,1,0,0
1952,0,2,4,0.64705884,0.4117647,1,1,0,0
1953,0,2,4,0.64705884,0.29411766,0,1,0,0
1954,1,2,5,0.88235295,0.4117647,0,1,0,0
1955,1,10,4,0.11764706,0.47058824,1,1,0,0
1956,1,10,4,0.64705884,0.47058824,0,1,0,1
1957,0,10,4,0.47058824,0.29411766,1,1,0,0
1958,1,1,5,0.1764706,0.29411766,0,1,0,0
1959,1,1,5,0.64705884,0.3529412,0,1,0,0
1960,0,2,4,0.1764706,0.47058824,0,1,0,0
1961,0,2,5,0.64705884,0.29411766,0,1,0,1
1962,1,1,4,0.0,0.29411766,0,1,0,0
1963,1,1,4,0.64705884,0.23529412,0,1,0,0
1964,0,1,5,0.4117647,0.29411766,0,1,0,0
1965,0,1,4,0.0,0.1764706,1,1,0,0
1966,0,1,4,0.64705884,0.4117647,1,1,0,0
1967,0,1,4,0.5294118,0.47058824,0,1,0,0
1968,0,1,0,0.4117647,0.11764706,1,1,0,0
1969,0,1,4,0.0,0.29411766,0,1,0,0
1970,0,2,4,0.5882353,0.4117647,0,1,0,0
1971,0,10,4,0.64705884,0.29411766,0,1,0,0
1972,0,1,5,0.29411766,0.29411766,1,1,0,0
1973,0,1,4,0.1764706,0.3529412,1,1,0,0
1974,0,1,4,0.64705884,0.4117647,0,1,0,0
1975,0,2,4,0.1764706,0.29411766,1,1,0,0
1976,0,2,5,1.0,0.1764706,0,1,0,0
1977,0,1,4,0.1764706,0.23529412,0,1,0,0
1978,0,2,4,1.0,0.64705884,0,1,0,0
1979,1,2,4,0.47058824,0.4117647,0,1,0,0
1980,1,2,4,0.4117647,0.29411766,0,1,0,0
1981,1,2,4,0.29411766,0.47058824,0,1,0,0
1982,1,8,4,0.5882353,0.29411766,0,1,0,0
1983,0,2,4,0.64705884,0.29411766,1,1,0,0
1984,1,2,4,0.1764706,0.47058824,1,1,0,0
1985,1,2,4,0.64705884,0.47058824,0,1,0,0
1986,1,11,4,0.64705884,0.29411766,0,1,0,0
1987,1,10,4,0.4117647,0.4117647,0,1,0,0
1988,1,10,4,0.64705884,0.3529412,0,1,0,0
1989,1,3,4,0.88235295,0.29411766,0,1,0,0
1990,0,2,5,0.29411766,0.64705884,0,1,0,0
1991,0,10,5,0.5294118,0.23529412,0,1,0,0
1992,1,2,4,0.29411766,0.29411766,0,1,0,0
1993,0,2,4,0.47058824,0.29411766,0,1,0,0
1994,1,2,4,0.64705884,0.3529412,1,1,0,0
1995,1,2,5,0.29411766,0.29411766,0,1,0,0
1996,1,10,4,0.5294118,0.4117647,1,1,0,0
1997,1,2,4,0.4117647,0.3529412,1,1,0,0
1998,0,8,4,0.1764706,0.47058824,0,1,0,0
1999,0,8,4,0.0,0.11764706,0,1,0,0
2000,0,8,4,0.0,0.47058824,0,1,0,0
2001,0,8,4,0.64705884,0.29411766,0,1,0,0
2002,0,8,4,1.0,0.4117647,0,1,0,0
2003,1,1,4,0.64705884,0.29411766,0,1,0,0
2004,1,2,5,0.64705884,0.3529412,0,1,0,0
2005,1,2,4,0.11764706,0.47058824,0,1,0,0
2006,1,2,4,0.4117647,0.29411766,0,1,0,0
2007,0,2,4,0.64705884,0.3529412,0,1,0,0
2008,0,2,5,0.64705884,0.5294118,0,1,0,0
2009,0,2,4,0.29411766,0.3529412,1,1,0,0
2010,1,2,5,0.64705884,0.1764706,0,1,0,0
2011,1,8,4,0.88235295,0.29411766,0,1,0,0
2012,0,2,4,0.29411766,0.47058824,1,1,0,0
2013,2,2,5,0.1764706,0.29411766,1,1,0,0
2014,2,2,4,0.23529412,0.8235294,0,1,0,0
2015,2,2,5,0.1764706,0.29411766,0,1,0,0
2016,1,2,5,0.64705884,0.4117647,0,1,0,0
2017,0,1,4,0.64705884,0.4117647,0,1,0,0
2018,1,2,4,0.64705884,0.29411766,0,1,0,0
2019,1,2,5,0.88235295,0.23529412,0,1,0,0
2020,0,11,4,0.29411766,0.29411766,0,1,0,0
2021,1,2,4,0.64705884,0.23529412,0,1,0,0
2022,2,2,4,0.05882353,0.64705884,0,1,0,0
2023,2,2,4,0.47058824,0.9411765,0,1,0,0
2024,1,10,4,0.64705884,0.3529412,1,1,0,0
2025,1,2,4,0.4117647,0.23529412,0,1,0,0
2026,0,10,5,0.64705884,0.29411766,0,1,0,0
2027,0,10,4,0.64705884,0.29411766,0,1,0,0
2028,0,8,4,0.64705884,0.3529412,0,1,0,0
2029,0,2,4,0.64705884,0.11764706,0,1,0,0
2030,1,2,4,0.4117647,0.29411766,0,1,0,0
2031,1,8,4,0.29411766,0.3529412,0,1,0,0
2032,0,2,4,0.88235295,0.47058824,0,1,0,0
2033,0,10,4,0.23529412,0.29411766,0,1,0,0
2034,0,11,5,0.64705884,0.29411766,0,1,0,0
2035,1,2,3,0.64705884,0.1764706,0,1,0,0
2036,1,10,4,0.8235294,0.29411766,0,1,0,0
2037,1,10,5,0.5294118,0.47058824,0,1,0,0
2038,1,10,5,0.47058824,0.64705884,0,1,0,0
2039,1,2,5,0.11764706,0.47058824,0,1,0,0
2040,1,2,4,0.4117647,0.29411766,0,1,0,0
2041,1,2,4,0.64705884,0.29411766,0,1,0,0
2042,0,8,5,0.88235295,0.29411766,0,1,0,0
2043,1,8,5,0.5294118,0.29411766,1,1,0,0
2044,0,2,4,0.4117647,0.23529412,0,1,0,0
2045,2,2,4,0.23529412,0.29411766,0,1,0,0
2046,2,2,4,1.0,0.4117647,0,1,0,0
2047,1,2,5,0.4117647,0.29411766,0,1,0,0
2048,2,11,4,0.88235295,0.3529412,0,1,0,0
2049,2,11,5,0.47058824,0.3529412,0,1,0,0
2050,0,3,4,0.64705884,0.5294118,0,1,0,0
2051,1,2,4,0.4117647,0.1764706,0,1,0,0
2052,0,11,4,0.23529412,0.47058824,0,1,0,0
2053,0,2,4,0.64705884,0.3529412,0,1,0,0
2054,0,2,0,0.11764706,0.05882353,1,1,0,0
2055,0,2,4,0.4117647,0.4117647,1,1,0,1
2056,1,10,4,0.5294118,0.64705884,0,1,0,0
2057,0,1,5,0.29411766,0.29411766,0,1,0,0
2058,0,1,4,0.64705884,0.3529412,1,1,0,0
2059,0,1,5,0.5294118,0.47058824,0,1,0,0
2060,0,1,4,0.23529412,0.64705884,1,1,0,0
2061,1,2,4,0.64705884,0.3529412,0,1,0,0
2062,1,8,4,0.29411766,0.3529412,1,1,0,0
2063,1,8,4,0.64705884,0.29411766,0,1,0,0
2064,1,8,3,0.0,0.0,0,1,0,0
2065,1,8,4,0.47058824,0.47058824,0,1,0,0
2066,1,11,5,0.64705884,0.29411766,0,1,0,0
2067,1,2,4,0.88235295,0.3529412,0,1,0,0
2068,1,2,5,0.11764706,0.29411766,1,1,0,0
2069,1,2,5,0.29411766,0.4117647,0,1,0,0
2070,0,8,4,0.3529412,0.4117647,0,1,0,0
2071,0,8,5,0.64705884,0.29411766,0,1,0,0
2072,0,8,4,0.64705884,0.29411766,1,1,0,0
2073,1,11,0,0.64705884,0.23529412,0,1,0,0
2074,0,10,4,0.88235295,0.29411766,0,1,0,0
2075,0,2,4,0.29411766,0.64705884,0,1,0,0
2076,0,11,4,0.29411766,0.23529412,1,1,0,0
2077,0,10,4,0.23529412,0.3529412,0,1,0,0
2078,0,10,4,0.64705884,0.64705884,0,1,0,0
2079,1,2,4,0.5294118,0.47058824,0,1,0,0
2080,0,3,4,0.47058824,0.47058824,0,1,0,0
2081,0,3,4,0.64705884,0.29411766,1,1,0,0
2082,0,2,4,0.64705884,0.29411766,0,1,0,0
2083,0,2,5,0.88235295,0.3529412,1,1,0,0
2084,1,11,5,0.23529412,0.29411766,0,1,0,0
2085,1,2,4,0.4117647,0.47058824,0,1,0,0
2086,1,2,4,0.64705884,0.0,1,1,0,0
2087,0,11,4,0.1764706,0.1764706,0,1,0,0
2088,0,8,5,0.4117647,0.1764706,1,1,0,0
2089,0,2,4,0.64705884,0.3529412,0,1,0,0
2090,0,2,0,0.3529412,0.11764706,1,1,0,0
2091,0,2,4,0.1764706,0.5294118,0,1,0,0
2092,0,2,4,0.88235295,0.3529412,0,1,0,0
2093,0,1,5,0.0,0.29411766,0,1,0,0
2094,0,1,4,1.0,0.3529412,0,1,0,0
2095,0,2,4,0.23529412,0.1764706,0,1,0,0
2096,0,1,3,0.1764706,0.05882353,0,1,0,0
2097,0,1,4,0.64705884,0.47058824,0,1,0,0
2098,0,2,4,0.5294118,0.47058824,0,1,0,0
2099,0,2,5,0.64705884,0.1764706,0,1,0,0
2100,0,2,0,0.29411766,0.0,0,1,0,0
2101,0,2,4,0.4117647,0.3529412,0,1,0,0
2102,0,2,5,0.0,0.29411766,0,1,0,0
2103,0,2,4,0.0,0.4117647,0,1,0,0
2104,0,2,5,0.4117647,0.64705884,0,1,0,0
2105,0,2,4,0.64705884,0.23529412,0,1,0,0
2106,0,10,5,0.4117647,0.1764706,0,1,0,0
2107,0,10,4,0.29411766,0.3529412,0,1,0,0
2108,0,2,4,0.64705884,0.29411766,0,1,0,0
2109,0,8,4,0.4117647,0.23529412,0,1,0,0
2110,1,2,4,0.1764706,0.29411766,1,1,0,0
2111,1,2,5,0.4117647,0.29411766,0,1,0,0
2112,2,1,4,0.29411766,0.47058824,1,1,0,0
2113,2,1,4,0.64705884,0.23529412,1,1,0,0
2114,1,11,4,0.64705884,0.1764706,1,1,0,1
2115,1,2,4,0.64705884,0.23529412,0,1,0,0
2116,0,2,4,0.64705884,0.47058824,0,1,0,0
2117,0,2,5,0.29411766,0.29411766,0,1,0,0
2118,0,2,4,0.64705884,0.29411766,0,1,0,0
2119,1,10,4,0.64705884,0.29411766,0,1,0,0
2120,1,10,4,0.1764706,0.3529412,0,1,0,0
2121,0,2,4,0.4117647,0.29411766,0,1,0,0
2122,0,2,5,0.29411766,0.29411766,0,1,0,0
2123,0,2,5,0.1764706,0.64705884,0,1,0,0
2124,0,2,4,0.5294118,0.3529412,0,1,0,0
2125,0,10,4,0.29411766,0.29411766,0,1,0,0
2126,0,10,4,0.29411766,0.11764706,0,1,0,0
2127,0,1,4,0.64705884,0.29411766,0,1,0,0
2128,1,1,4,0.64705884,0.3529412,0,1,0,0
2129,0,1,4,0.64705884,0.29411766,0,1,0,0
2130,0,2,4,0.1764706,0.47058824,0,1,0,0
2131,0,2,4,0.4117647,0.4117647,0,1,0,0
2132,0,2,4,0.4117647,0.3529412,0,1,0,0
2133,1,10,4,0.64705884,0.47058824,0,1,0,0
2134,2,10,0,0.88235295,0.1764706,1,0,0,0
2135,2,10,5,0.11764706,0.29411766,1,1,0,0
2136,2,10,5,0.64705884,0.1764706,0,1,0,0
2137,2,10,4,0.11764706,0.29411766,0,1,0,0
2138,2,10,4,0.4117647,0.4117647,0,1,0,0
2139,0,10,4,0.64705884,0.64705884,0,1,0,0
2140,1,2,5,0.29411766,0.23529412,0,1,0,0
2141,0,10,4,0.1764706,0.29411766,0,1,0,0
2142,0,10,4,0.29411766,0.29411766,0,1,0,0
2143,0,10,4,0.23529412,0.47058824,0,1,0,0
2144,0,2,4,0.64705884,0.29411766,0,1,0,0
2145,0,2,4,0.64705884,0.5294118,1,1,0,0
2146,0,8,4,0.5294118,0.3529412,0,1,0,0
2147,0,1,4,0.4117647,0.3529412,0,1,0,0
2148,1,2,4,0.3529412,0.47058824,0,1,0,0
2149,1,2,4,0.64705884,0.64705884,0,1,0,0
2150,1,9,4,0.4117647,0.47058824,0,1,0,0
2151,1,9,4,0.5294118,0.47058824,0,1,0,0
2152,0,10,4,0.64705884,0.47058824,0,1,0,0
2153,0,10,5,0.4117647,0.29411766,0,1,0,0
2154,0,2,4,0.1764706,0.3529412,0,1,0,0
2155,0,2,4,0.64705884,0.29411766,0,1,0,0
2156,1,2,3,0.64705884,0.23529412,0,1,0,0
2157,1,2,4,0.29411766,0.4117647,0,1,0,0
2158,1,2,4,0.64705884,0.29411766,0,1,0,0
2159,1,2,5,0.1764706,0.29411766,1,1,0,0
2160,1,2,4,0.29411766,0.0,0,1,0,0
2161,1,2,4,0.88235295,0.47058824,0,1,0,0
2162,0,2,4,0.88235295,0.4117647,0,1,0,0
2163,0,2,4,0.29411766,0.29411766,1,1,0,0
2164,0,2,4,0.11764706,0.47058824,0,1,0,0
2165,0,2,4,0.64705884,0.0,0,1,0,0
2166,0,2,4,0.4117647,0.1764706,0,1,0,0
2167,0,1,4,0.64705884,0.5294118,1,1,0,0
2168,1,10,5,0.4117647,0.47058824,0,1,0,0
2169,0,2,4,0.64705884,0.5294118,0,1,0,0
2170,0,2,4,0.3529412,0.47058824,0,1,0,0
2171,0,8,4,0.64705884,0.3529412,0,1,0,0
2172,0,2,0,0.64705884,0.0,0,1,0,0
2173,0,2,5,0.1764706,0.29411766,0,1,0,0
2174,1,2,4,0.29411766,0.29411766,0,1,0,0
2175,1,2,5,0.1764706,0.47058824,0,1,0,0
2176,1,2,4,0.4117647,0.5294118,0,1,0,0
2177,0,1,5,0.1764706,0.11764706,0,1,0,0
2178,0,1,4,0.88235295,0.1764706,0,1,0,0
2179,1,10,4,0.23529412,0.4117647,0,1,0,0
2180,1,1,4,0.4117647,0.47058824,0,1,0,0
2181,1,3,4,0.88235295,0.4117647,0,1,0,0
2182,0,11,4,0.64705884,0.29411766,0,1,0,0
2183,2,2,4,0.1764706,0.5294118,0,1,0,0
2184,2,2,4,0.64705884,0.29411766,0,1,0,0
2185,2,2,4,0.29411766,0.1764706,0,1,0,0
2186,0,2,4,0.64705884,0.5294118,0,1,0,0
2187,1,2,4,0.29411766,0.1764706,0,1,0,0
2188,1,2,5,0.4117647,0.47058824,1,1,0,0
2189,1,2,5,0.4117647,0.11764706,0,1,0,0
2190,1,2,4,0.88235295,0.3529412,1,1,0,0
2191,0,2,4,0.4117647,0.29411766,0,1,0,0
2192,0,1,4,0.4117647,0.29411766,1,1,0,0
2193,0,2,4,0.1764706,0.23529412,0,1,0,0
2194,0,2,5,0.5294118,0.29411766,0,1,0,0
2195,0,2,5,0.1764706,0.23529412,0,1,0,0
2196,0,8,5,0.88235295,0.4117647,0,1,0,0
2197,0,2,3,1.0,0.11764706,0,1,0,0
2198,0,2,4,0.0,0.29411766,1,1,0,0
2199,0,2,5,0.5294118,0.29411766,0,1,0,0
2200,0,1,4,0.29411766,0.3529412,0,1,0,0
2201,1,2,4,0.64705884,0.29411766,1,1,0,0
2202,1,2,5,0.1764706,0.64705884,0,1,0,0
2203,0,2,0,0.64705884,0.7058824,1,1,0,0
2204,0,1,4,0.29411766,0.47058824,1,1,0,0
2205,0,2,4,0.23529412,0.29411766,0,1,0,0
2206,0,3,5,0.1764706,0.05882353,1,1,0,0
2207,0,3,4,0.4117647,0.11764706,0,1,0,0
2208,0,10,4,0.0,0.29411766,1,1,0,0
2209,0,10,4,0.29411766,0.29411766,1,1,0,0
2210,0,10,4,0.05882353,0.5294118,1,1,0,0
2211,0,10,4,0.4117647,0.47058824,1,1,0,0
2212,0,1,5,0.5294118,0.29411766,0,1,0,0
2213,1,10,4,0.4117647,0.5294118,0,1,0,0
2214,1,10,4,0.4117647,0.29411766,1,1,0,0
2215,1,10,0,0.64705884,0.29411766,0,1,0,0
2216,1,10,4,0.64705884,0.29411766,0,1,0,0
2217,1,2,0,0.64705884,0.29411766,0,1,0,0
2218,1,7,4,0.64705884,0.47058824,0,1,0,0
2219,1,7,4,0.64705884,0.29411766,0,1,0,0
2220,1,7,4,0.1764706,0.29411766,0,1,0,0
2221,1,2,4,0.1764706,0.29411766,0,1,0,0
2222,0,11,5,0.64705884,0.47058824,0,1,0,0
2223,0,2,4,0.29411766,0.1764706,0,1,0,0
2224,0,2,4,0.1764706,0.47058824,0,1,0,0
2225,0,2,4,0.29411766,0.3529412,1,1,0,0
2226,0,8,4,0.4117647,0.29411766,0,1,0,0
2227,1,3,4,0.64705884,0.64705884,1,1,0,0
2228,0,3,5,0.11764706,0.29411766,0,1,0,0
2229,0,3,4,0.64705884,0.29411766,0,1,0,0
2230,0,2,4,0.1764706,0.64705884,0,1,0,0
2231,1,10,5,0.23529412,0.23529412,0,1,0,0
2232,1,10,4,0.4117647,0.29411766,0,1,0,0
2233,1,10,4,0.4117647,0.29411766,0,1,0,0
2234,0,11,4,0.64705884,0.3529412,0,1,0,0
2235,0,2,4,0.4117647,0.29411766,1,1,0,0
2236,1,2,3,0.4117647,0.29411766,0,1,0,0
2237,0,1,4,0.64705884,0.4117647,0,1,0,0
2238,0,2,5,0.64705884,0.1764706,1,1,0,0
2239,0,2,3,0.1764706,0.29411766,1,1,0,0
2240,1,2,4,0.7058824,0.47058824,0,1,0,0
2241,0,8,4,0.64705884,0.64705884,0,1,0,0
2242,2,8,5,0.1764706,0.05882353,1,1,0,0
2243,0,2,4,0.4117647,0.29411766,1,1,0,0
2244,0,1,4,0.23529412,0.3529412,0,1,0,0
2245,0,1,4,0.88235295,0.64705884,0,1,0,0
2246,1,8,4,0.23529412,0.47058824,0,1,0,0
2247,1,8,5,0.4117647,0.47058824,0,1,0,0
2248,1,8,4,0.64705884,0.29411766,1,1,0,0
2249,1,10,4,0.0,0.4117647,0,1,0,0
2250,1,10,5,0.64705884,0.29411766,0,1,0,0
2251,1,10,4,0.64705884,0.3529412,0,1,0,0
2252,0,1,5,0.4117647,0.11764706,0,1,0,0
2253,0,1,4,0.4117647,0.29411766,0,1,0,0
2254,0,11,4,0.23529412,0.23529412,0,1,0,0
2255,0,11,4,0.4117647,0.23529412,0,1,0,0
2256,0,11,4,0.1764706,0.47058824,0,1,0,0
2257,1,2,0,1.0,0.47058824,1,1,0,0
2258,0,10,4,0.5294118,0.29411766,0,1,0,0
2259,0,10,4,0.23529412,0.29411766,0,1,0,0
2260,0,10,4,0.23529412,0.29411766,0,1,0,0
2261,1,11,4,0.64705884,0.3529412,1,1,0,0
2262,0,10,4,0.64705884,0.29411766,0,1,0,0
2263,0,10,4,0.1764706,0.47058824,0,1,0,0
2264,0,3,4,1.0,0.4117647,0,1,0,0
2265,0,2,4,0.64705884,0.29411766,0,1,0,0
2266,1,8,4,0.1764706,0.5294118,1,1,0,0
2267,1,8,4,0.4117647,0.0,1,1,0,1
2268,2,2,5,0.64705884,0.29411766,0,1,0,0
2269,0,2,5,0.1764706,0.11764706,0,1,0,0
2270,1,1,4,0.4117647,0.29411766,0,1,0,0
2271,1,1,4,0.64705884,0.47058824,0,1,0,0
2272,1,10,0,0.1764706,0.11764706,0,1,0,0
2273,1,10,4,0.64705884,0.4117647,0,1,0,0
2274,1,11,4,0.1764706,0.23529412,0,1,0,0
2275,1,10,5,0.1764706,0.11764706,0,1,0,0
2276,1,10,4,0.23529412,0.3529412,1,1,0,0
2277,0,2,4,0.64705884,0.1764706,0,1,0,0
2278,0,10,4,0.64705884,0.29411766,0,1,0,0
2279,0,1,0,0.1764706,0.11764706,0,1,0,0
2280,1,2,4,0.5294118,0.29411766,1,1,0,1
2281,0,2,4,0.4117647,0.47058824,1,1,0,0
2282,0,1,4,0.88235295,0.47058824,0,1,0,0
2283,2,2,3,0.4117647,0.29411766,0,1,0,0
2284,2,1,4,0.0,0.47058824,0,1,0,0
2285,2,1,4,0.64705884,0.47058824,0,1,0,0
2286,1,2,4,1.0,0.4117647,0,1,0,0
2287,0,1,4,0.88235295,0.29411766,0,1,0,0
2288,0,1,0,0.0,0.23529412,1,1,0,0
2289,0,1,4,0.1764706,0.11764706,0,1,0,0
2290,0,1,4,0.23529412,0.29411766,1,1,0,0
2291,1,2,4,0.1764706,0.47058824,0,1,0,0
2292,1,10,4,0.11764706,0.29411766,0,1,0,0
2293,1,10,4,0.29411766,0.3529412,1,1,0,0
2294,0,2,4,0.64705884,0.29411766,0,1,0,0
2295,1,2,4,0.29411766,0.1764706,0,1,0,0
2296,1,2,4,0.4117647,0.29411766,0,1,0,0
2297,1,2,4,0.29411766,0.64705884,0,1,0,0
2298,1,2,4,0.64705884,0.47058824,1,1,0,0
2299,2,11,5,0.0,0.23529412,0,1,0,0
2300,2,11,5,0.1764706,0.23529412,0,1,0,0
2301,2,11,4,0.29411766,0.3529412,0,1,0,0
2302,0,2,5,0.64705884,0.3529412,0,1,0,0
2303,1,2,5,0.11764706,0.29411766,0,1,0,0
2304,1,2,4,0.64705884,0.29411766,0,1,0,0
2305,0,2,4,1.0,0.3529412,0,1,0,0
2306,1,2,5,0.1764706,0.29411766,0,1,0,0
2307,1,11,5,0.64705884,0.47058824,0,1,0,0
2308,0,2,5,0.1764706,0.05882353,0,1,0,0
2309,0,2,4,0.29411766,0.29411766,0,1,0,0
2310,0,2,4,0.29411766,0.23529412,1,1,0,0
2311,1,2,4,0.4117647,0.47058824,0,1,0,0
2312,1,2,4,0.4117647,1.0,0,1,0,0
2313,0,8,4,0.5294118,0.4117647,0,1,0,0
2314,0,8,4,0.0,1.0,0,1,0,0
2315,0,8,4,0.64705884,0.4117647,0,1,0,0
2316,1,2,4,0.47058824,0.4117647,1,1,0,0
2317,1,2,5,1.0,0.47058824,0,1,0,0
2318,1,2,4,0.4117647,0.23529412,0,1,0,0
2319,1,2,4,0.4117647,0.29411766,0,1,0,0
2320,1,2,5,0.1764706,0.5294118,1,1,0,0
2321,1,1,4,0.11764706,0.23529412,0,1,0,0
2322,1,2,4,0.64705884,0.29411766,0,1,0,0
2323,0,8,4,0.4117647,0.29411766,0,1,0,0
2324,1,2,4,0.4117647,0.29411766,0,1,0,0
2325,1,2,5,0.23529412,0.29411766,0,1,0,0
2326,1,2,0,0.4117647,0.29411766,0,1,1,0
2327,2,2,4,0.64705884,0.7647059,0,1,0,0
2328,0,10,4,0.64705884,0.1764706,0,1,0,0
2329,0,10,4,0.88235295,0.29411766,0,1,0,0
2330,1,2,5,0.4117647,0.4117647,0,1,0,0
2331,1,10,0,0.29411766,0.29411766,0,1,0,0
2332,1,2,4,0.64705884,0.29411766,0,1,0,0
2333,0,10,4,0.3529412,0.29411766,1,1,0,0
2334,0,10,5,0.11764706,0.64705884,0,1,0,0
2335,0,1,4,0.4117647,0.64705884,1,1,0,0
2336,0,2,4,0.64705884,0.29411766,0,1,0,0
2337,0,1,4,0.64705884,0.3529412,0,1,0,0
2338,0,1,4,0.1764706,0.1764706,0,1,0,0
2339,0,1,4,0.64705884,0.47058824,0,1,0,0
2340,0,1,4,1.0,0.1764706,0,1,0,0
2341,0,2,5,0.0,0.29411766,0,1,0,0
2342,0,2,0,0.0,0.29411766,0,1,0,0
2343,0,2,4,0.88235295,0.23529412,0,1,0,0
2344,0,11,3,0.64705884,0.1764706,0,1,0,0
2345,1,2,4,0.4117647,0.23529412,0,1,0,0
2346,0,11,5,0.64705884,0.47058824,0,1,0,0
2347,1,11,5,0.1764706,0.11764706,0,1,0,0
2348,1,11,4,0.23529412,0.29411766,0,1,0,0
2349,0,2,5,0.1764706,0.29411766,0,1,0,0
2350,0,2,4,0.29411766,0.29411766,0,1,0,0
2351,0,2,4,0.88235295,0.29411766,0,1,0,0
2352,0,2,5,0.1764706,0.1764706,0,1,0,0
2353,0,2,5,0.4117647,0.11764706,0,1,0,0
2354,0,2,4,0.1764706,0.47058824,1,1,0,0
2355,0,2,4,0.23529412,0.29411766,0,1,0,0
2356,0,2,5,0.4117647,0.3529412,0,1,0,0
2357,0,1,5,0.64705884,0.23529412,1,1,0,0
2358,0,2,4,0.64705884,0.47058824,0,1,0,0
2359,0,2,4,0.64705884,0.3529412,0,1,0,0
2360,0,2,4,0.64705884,0.29411766,0,1,0,0
2361,0,2,4,0.64705884,0.23529412,0,1,0,0
2362,1,1,4,0.64705884,0.29411766,1,1,0,0
2363,1,2,5,0.64705884,0.29411766,0,1,0,0
2364,0,2,4,0.1764706,0.29411766,0,1,0,0
2365,0,2,3,0.88235295,0.05882353,0,1,0,0
2366,0,2,5,0.64705884,0.05882353,0,1,0,0
2367,1,1,5,0.64705884,0.23529412,0,1,0,0
2368,0,2,4,0.64705884,0.5882353,0,1,0,0
2369,1,8,4,0.1764706,0.47058824,0,1,0,0
2370,0,2,5,0.7647059,0.1764706,1,1,0,0
2371,0,2,5,0.29411766,0.4117647,0,1,0,0
2372,0,2,5,1.0,0.64705884,0,1,0,0
2373,1,10,4,0.88235295,0.29411766,0,1,0,0
2374,0,2,4,0.1764706,0.29411766,0,1,0,0
2375,0,3,4,0.4117647,0.23529412,0,1,0,0
2376,0,10,3,0.1764706,0.23529412,0,1,0,0
2377,0,2,4,0.0,1.0,0,1,0,0
2378,0,2,4,0.29411766,0.0,0,1,0,0
2379,0,1,4,0.0,0.64705884,0,1,0,0
2380,0,1,4,0.1764706,0.29411766,0,1,0,0
2381,1,2,5,0.23529412,0.3529412,0,1,0,0
2382,1,2,4,0.0,0.47058824,0,1,0,0
2383,1,2,5,0.4117647,0.47058824,1,1,0,0
2384,1,2,4,0.3529412,0.47058824,0,1,0,0
2385,0,1,4,0.05882353,0.29411766,0,1,0,0
2386,0,11,4,0.1764706,0.47058824,0,1,0,0
2387,0,11,4,0.5294118,0.29411766,0,1,0,0
2388,0,10,4,0.64705884,0.23529412,0,1,0,0
2389,0,10,4,0.1764706,0.3529412,0,1,0,0
2390,0,10,4,1.0,0.29411766,0,1,0,0
2391,2,11,4,0.4117647,0.4117647,0,1,0,0
2392,0,2,4,0.64705884,0.4117647,0,1,0,0
2393,0,8,4,0.1764706,0.3529412,1,1,0,0
2394,0,8,5,0.64705884,0.1764706,0,1,0,0
2395,1,8,0,0.64705884,0.23529412,0,1,0,0
2396,0,2,4,0.23529412,0.64705884,0,1,0,0
2397,1,11,4,0.64705884,0.3529412,0,1,0,0
2398,1,10,4,0.5294118,0.3529412,1,1,0,1
2399,0,2,4,0.64705884,0.29411766,0,1,0,0
2400,0,2,4,0.4117647,0.4117647,0,1,0,0
2401,0,10,4,0.64705884,0.29411766,0,1,0,0
2402,0,10,4,0.29411766,0.23529412,1,1,0,0
2403,0,10,4,0.1764706,0.29411766,0,1,1,0
2404,1,10,4,0.4117647,0.3529412,1,1,0,0
2405,0,1,5,0.1764706,0.29411766,0,1,0,0
2406,0,1,4,0.88235295,0.3529412,1,1,0,0
2407,0,10,5,0.1764706,0.1764706,0,1,0,0
2408,1,2,4,0.4117647,0.29411766,0,1,0,0
2409,1,1,4,0.1764706,0.29411766,0,1,0,0
2410,1,1,4,0.64705884,0.47058824,0,1,0,0
2411,0,2,4,0.64705884,1.0,0,1,0,0
2412,1,8,4,0.64705884,0.47058824,1,1,0,0
2413,0,8,5,0.4117647,0.3529412,1,1,0,0
2414,1,1,4,0.64705884,0.3529412,0,1,0,0
2415,1,1,4,0.0,0.4117647,0,1,0,0
2416,1,1,4,0.64705884,0.64705884,1,1,0,0
2417,1,2,5,0.4117647,0.29411766,0,1,0,0
2418,1,2,4,0.88235295,0.3529412,0,1,0,0
2419,0,1,4,1.0,0.3529412,0,1,0,0
2420,0,10,0,0.64705884,0.29411766,0,1,0,0
2421,2,8,5,0.1764706,0.3529412,0,1,0,0
2422,2,8,4,0.29411766,0.29411766,0,1,0,0
2423,0,2,4,0.64705884,0.3529412,0,1,0,0
2424,1,2,4,0.4117647,0.47058824,0,1,0,0
2425,1,1,4,0.5294118,0.5294118,0,1,0,0
2426,0,3,4,0.1764706,0.11764706,0,1,0,1
2427,0,3,4,0.4117647,0.29411766,0,1,0,0
2428,0,3,4,0.7647059,0.3529412,0,1,0,0
2429,1,1,4,0.64705884,0.3529412,0,1,0,0
2430,1,1,5,0.64705884,0.1764706,0,1,0,0
2431,1,2,4,0.4117647,0.7647059,0,1,0,0
2432,1,2,0,0.1764706,0.29411766,0,1,0,0
2433,1,2,4,0.0,0.23529412,1,1,0,0
2434,1,2,5,0.3529412,0.1764706,0,1,0,0
2435,1,11,4,0.1764706,0.47058824,0,1,0,0
2436,1,11,4,0.1764706,0.29411766,0,1,0,0
2437,1,3,0,0.88235295,0.23529412,0,1,0,0
2438,1,3,4,0.7647059,0.47058824,0,1,0,0
2439,0,10,4,0.1764706,0.29411766,0,1,0,0
2440,0,10,4,0.1764706,0.64705884,0,1,0,0
2441,0,8,4,0.64705884,0.29411766,0,1,0,0
2442,0,10,5,0.64705884,0.4117647,0,1,0,0
2443,0,10,3,0.1764706,0.0,0,1,0,0
2444,0,10,5,0.64705884,0.29411766,0,1,0,0
2445,0,10,3,0.64705884,0.23529412,0,1,0,0
2446,0,2,4,0.88235295,0.29411766,0,1,0,0
2447,0,10,4,0.1764706,0.47058824,0,1,0,0
2448,0,8,4,0.29411766,0.29411766,0,1,0,0
2449,1,7,4,0.64705884,0.47058824,1,1,0,1
2450,1,2,4,0.64705884,0.4117647,1,1,0,0
2451,1,2,4,0.4117647,0.29411766,1,1,0,0
2452,0,2,4,0.64705884,0.47058824,0,1,0,0
2453,1,1,3,0.64705884,0.29411766,1,1,0,0
2454,0,2,5,0.64705884,0.29411766,0,1,0,0
2455,0,2,4,0.4117647,0.29411766,0,1,0,0
2456,1,10,4,0.64705884,0.47058824,0,1,0,0
2457,2,8,4,1.0,0.23529412,0,1,0,0
2458,0,1,4,0.64705884,0.3529412,0,1,0,0
2459,1,2,4,0.4117647,0.29411766,1,1,0,0
2460,1,2,3,0.4117647,0.29411766,0,1,0,0
2461,0,2,4,0.1764706,0.29411766,0,1,0,0
2462,0,2,4,0.1764706,0.4117647,0,1,0,0
2463,0,2,0,0.05882353,0.05882353,1,1,0,0
2464,0,2,4,0.88235295,0.1764706,0,1,0,0
2465,1,2,4,1.0,0.3529412,0,1,0,0
2466,0,8,4,0.64705884,0.4117647,1,1,0,0
2467,0,10,4,0.1764706,0.47058824,0,1,0,0
2468,1,10,5,0.4117647,0.29411766,0,1,0,0
2469,0,2,4,0.5294118,0.29411766,0,1,0,0
2470,0,2,3,0.88235295,0.23529412,0,1,0,0
2471,0,2,4,0.1764706,0.64705884,1,1,0,0
2472,0,2,4,0.4117647,0.3529412,0,1,0,0
2473,0,2,4,0.4117647,0.29411766,0,1,0,0
2474,0,2,4,0.4117647,0.47058824,0,1,0,0
2475,0,2,5,0.11764706,0.29411766,0,1,0,0
2476,0,2,4,0.64705884,0.4117647,0,1,0,0
2477,0,2,4,0.1764706,0.11764706,0,1,0,0
2478,0,2,3,0.1764706,0.1764706,1,1,0,0
2479,0,2,4,1.0,0.64705884,1,1,0,0
2480,1,11,0,0.64705884,0.47058824,0,1,0,0
2481,0,8,4,0.64705884,0.29411766,1,1,0,1
2482,1,10,4,0.64705884,0.5294118,0,1,0,0
2483,0,8,4,0.64705884,0.7647059,0,1,0,0
2484,0,11,4,1.0,0.29411766,1,1,0,0
2485,2,11,4,0.64705884,0.29411766,0,1,0,0
2486,2,11,4,0.64705884,0.3529412,0,1,0,0
2487,2,11,4,0.64705884,0.47058824,1,1,0,0
2488,1,1,4,0.64705884,0.0,0,1,0,0
2489,1,1,4,0.64705884,0.29411766,0,1,0,0
2490,1,1,5,0.64705884,0.29411766,0,1,0,0
2491,1,11,4,0.64705884,0.47058824,0,1,0,0
2492,2,11,4,0.64705884,0.29411766,0,1,0,0
2493,1,2,4,0.64705884,0.11764706,1,1,0,0
2494,1,2,4,0.29411766,0.1764706,0,1,0,0
2495,1,2,4,0.64705884,0.29411766,0,1,0,0
2496,1,10,5,0.1764706,0.29411766,0,1,0,0
2497,1,10,4,0.64705884,0.1764706,0,1,0,0
2498,1,11,4,0.29411766,0.29411766,0,1,0,0
2499,1,11,4,0.23529412,0.47058824,0,1,0,0
2500,1,11,4,0.1764706,0.47058824,1,1,0,0
2501,0,10,4,0.88235295,0.5294118,0,1,0,0
2502,0,8,4,0.64705884,0.47058824,0,1,0,0
2503,1,2,4,0.0,0.3529412,0,1,0,0
2504,1,2,0,0.64705884,0.29411766,1,1,0,0
2505,0,10,4,0.4117647,0.23529412,1,1,0,0
2506,0,10,4,0.29411766,0.4117647,0,1,0,0
2507,0,11,4,0.64705884,0.23529412,0,1,0,0
2508,0,2,5,0.88235295,0.47058824,0,1,0,0
2509,0,2,5,0.11764706,0.29411766,0,1,0,0
2510,0,2,5,0.29411766,0.23529412,1,1,0,0
2511,0,2,4,0.4117647,0.29411766,0,1,0,0
2512,1,11,4,0.64705884,0.3529412,1,1,0,0
2513,1,11,4,0.64705884,0.7058824,0,1,0,0
2514,1,11,0,0.64705884,0.29411766,0,1,0,0
2515,2,2,4,0.64705884,0.3529412,1,1,0,0
2516,0,1,5,0.64705884,0.29411766,1,1,0,0
2517,1,8,5,0.64705884,0.29411766,0,1,0,0
2518,1,2,5,0.88235295,0.11764706,0,1,0,0
2519,1,2,5,0.4117647,0.23529412,1,1,0,0
2520,1,2,5,0.4117647,0.29411766,0,1,0,0
2521,0,2,5,0.64705884,0.29411766,0,1,0,0
2522,1,2,4,0.23529412,0.47058824,0,1,0,0
2523,1,2,4,0.5294118,0.29411766,1,1,0,0
2524,0,10,5,0.7058824,0.29411766,1,1,0,1
2525,0,2,0,0.64705884,0.29411766,1,1,0,0
2526,0,2,5,0.29411766,0.29411766,0,1,0,0
2527,0,2,4,0.4117647,0.4117647,1,1,0,0
2528,1,2,4,0.64705884,0.29411766,0,1,0,0
2529,0,11,4,1.0,0.47058824,0,1,0,0
2530,1,1,4,0.64705884,0.8235294,0,1,0,0
2531,1,1,4,1.0,0.29411766,0,1,0,0
2532,1,1,4,0.4117647,0.29411766,1,1,0,0
2533,0,11,4,0.64705884,0.3529412,0,1,0,0
2534,0,11,4,0.23529412,0.29411766,1,1,0,0
2535,2,11,4,0.5882353,0.29411766,0,1,0,0
2536,0,2,4,0.64705884,0.47058824,0,1,0,0
2537,0,2,4,0.23529412,0.5294118,0,1,0,0
2538,1,11,5,0.1764706,0.3529412,0,1,0,0
2539,1,11,0,0.23529412,0.0,0,1,0,0
2540,1,11,4,1.0,0.47058824,0,1,0,0
2541,1,8,5,0.1764706,0.23529412,0,1,0,0
2542,1,8,4,0.64705884,0.47058824,1,1,0,0
2543,1,8,5,0.5294118,0.47058824,0,1,0,0
2544,1,8,4,0.29411766,0.47058824,1,1,0,0
2545,1,2,4,0.29411766,0.29411766,1,1,0,0
2546,1,10,4,0.4117647,0.29411766,0,1,0,0
2547,1,2,4,0.8235294,0.29411766,1,1,0,0
2548,0,10,4,0.88235295,0.3529412,0,1,0,0
2549,2,2,5,0.64705884,0.64705884,0,1,0,0
2550,0,11,4,0.64705884,0.3529412,0,1,0,0
2551,1,8,4,0.1764706,0.3529412,0,1,0,0
2552,1,8,4,0.0,0.4117647,0,1,0,0
2553,1,8,5,0.1764706,0.47058824,0,1,0,0
2554,0,2,5,0.0,0.23529412,0,1,0,0
2555,0,2,4,0.0,1.0,0,1,0,0
2556,0,2,4,0.64705884,0.4117647,0,1,0,0
2557,1,2,4,0.29411766,0.29411766,0,1,0,0
2558,1,2,0,0.88235295,0.1764706,0,1,0,0
2559,1,2,4,0.5294118,0.4117647,0,1,0,0
2560,0,2,4,0.1764706,0.47058824,1,1,0,0
2561,0,2,4,0.64705884,0.47058824,0,1,0,0
2562,0,2,4,0.64705884,0.29411766,0,1,0,0
2563,2,2,4,0.1764706,0.29411766,0,1,0,0
2564,2,2,4,0.1764706,0.29411766,0,1,0,0
2565,2,2,5,0.11764706,0.29411766,0,1,0,0
2566,2,2,4,0.29411766,0.3529412,0,1,0,0
2567,1,8,5,0.1764706,0.29411766,0,1,0,0
2568,1,10,5,0.1764706,0.1764706,0,1,0,0
2569,1,2,0,0.11764706,0.11764706,1,1,0,0
2570,1,2,4,0.11764706,0.3529412,0,1,0,0
2571,1,2,0,0.0,0.3647059,0,1,0,0
2572,1,2,4,0.4117647,0.5882353,0,1,0,0
2573,0,2,5,0.1764706,0.47058824,0,1,0,0
2574,0,2,4,0.29411766,0.29411766,0,1,0,0
2575,0,2,5,0.4117647,0.29411766,0,1,0,0
2576,0,2,4,0.64705884,0.64705884,0,1,0,0
2577,2,8,4,0.64705884,0.29411766,0,1,0,0
2578,0,10,4,0.1764706,0.29411766,0,1,0,0
2579,0,10,4,0.64705884,0.23529412,0,1,0,0
2580,0,10,5,0.29411766,0.1764706,0,1,0,0
2581,0,10,4,0.0,0.23529412,0,1,0,0
2582,0,10,4,0.1764706,0.29411766,0,1,0,0
2583,0,8,5,0.1764706,0.11764706,0,1,0,0
2584,0,8,4,0.4117647,0.29411766,0,1,0,0
2585,0,2,5,0.47058824,0.11764706,0,1,0,0
2586,0,2,4,0.5294118,0.4117647,0,1,0,0
2587,0,1,5,0.0,0.11764706,0,1,0,0
2588,0,1,4,0.5294118,0.29411766,0,1,0,0
2589,1,10,4,0.64705884,0.29411766,0,1,0,0
2590,1,10,4,0.3529412,0.47058824,0,1,0,0
2591,1,2,4,0.64705884,0.47058824,1,1,0,0
2592,1,11,4,0.88235295,0.47058824,0,1,0,1
2593,0,2,3,0.0,0.23529412,1,1,0,0
2594,0,2,4,0.64705884,0.29411766,0,1,0,0
2595,0,2,0,0.1764706,0.29411766,0,1,0,0
2596,0,2,5,0.1764706,0.64705884,0,1,0,0
2597,0,1,4,0.64705884,0.47058824,0,1,0,0
2598,0,13,11,0.1764706,0.29411766,0,0,1,0
2599,1,13,11,0.1764706,0.20588236,0,0,1,0
2600,2,6,7,0.1764706,0.20588236,0,0,1,0
2601,0,7,11,0.4117647,0.11764706,0,0,1,0
2602,1,6,11,0.64705884,0.20588236,0,0,1,0
2603,2,12,7,0.1764706,0.20588236,0,0,1,0
2604,0,12,11,0.29411766,0.29411766,0,0,1,0
2605,1,12,11,0.29411766,0.29411766,0,0,1,0
2606,2,12,1,0.64705884,0.20588236,0,0,1,0
2607,0,12,1,0.4117647,0.11764706,0,0,1,0
2608,1,7,7,0.64705884,0.11764706,0,0,1,0
2609,2,12,11,0.1764706,0.11764706,0,0,1,0
2610,0,13,11,0.29411766,0.29411766,0,0,1,0
2611,1,12,7,0.1764706,0.11764706,0,0,1,0
2612,2,13,1,0.4117647,0.11764706,0,0,1,0
2613,0,6,11,0.4117647,0.20588236,0,0,1,0
2614,1,7,1,0.1764706,0.29411766,0,0,1,0
2615,2,7,7,0.4117647,0.20588236,0,0,1,0
2616,0,6,7,0.64705884,0.29411766,0,0,1,0
2617,1,7,7,0.4117647,0.11764706,0,0,1,0
2618,2,12,11,0.29411766,0.29411766,0,0,1,0
2619,0,6,1,0.1764706,0.20588236,0,0,1,0
2620,1,13,7,0.4117647,0.29411766,0,0,1,0
2621,2,12,7,0.4117647,0.20588236,0,0,1,0
2622,0,6,7,0.64705884,0.11764706,0,0,1,0
2623,1,6,1,0.29411766,0.11764706,0,0,1,0
2624,2,6,11,0.4117647,0.29411766,0,0,1,0
2625,0,6,11,0.1764706,0.11764706,0,0,1,0
2626,1,13,11,0.64705884,0.11764706,0,0,1,0
2627,2,6,11,0.29411766,0.20588236,0,0,1,0
2628,0,13,11,0.64705884,0.11764706,0,0,1,0
2629,1,6,1,0.64705884,0.20588236,0,0,1,0
2630,2,7,7,0.4117647,0.11764706,0,0,1,0
2631,0,13,11,0.1764706,0.29411766,0,0,1,0
2632,1,12,11,0.4117647,0.29411766,0,0,1,0
2633,2,6,7,0.29411766,0.11764706,0,0,1,0
2634,0,7,11,0.1764706,0.20588236,0,0,1,0
2635,1,7,1,0.29411766,0.29411766,0,0,1,0
2636,2,6,7,0.29411766,0.29411766,0,0,1,0
2637,0,7,11,0.1764706,0.11764706,0,0,1,0
2638,1,12,1,0.29411766,0.11764706,0,0,1,0
2639,2,7,1,0.1764706,0.20588236,0,0,1,0
2640,0,7,11,0.1764706,0.11764706,0,0,1,0
2641,1,13,1,0.4117647,0.29411766,0,0,1,0
2642,2,13,11,0.29411766,0.11764706,0,0,1,0
2643,0,7,1,0.1764706,0.20588236,0,0,1,0
2644,1,13,7,0.1764706,0.29411766,0,0,1,0
2645,2,6,7,0.1764706,0.11764706,0,0,1,0
2646,0,12,11,0.1764706,0.11764706,0,0,1,0
2647,1,13,7,0.64705884,0.29411766,0,0,1,0
2648,2,12,1,0.1764706,0.29411766,0,0,1,0
2649,0,7,1,0.29411766,0.20588236,0,0,1,0
2650,1,12,11,0.29411766,0.11764706,0,0,1,0
2651,2,7,1,0.29411766,0.20588236,0,0,1,0
2652,0,12,7,0.64705884,0.20588236,0,0,1,0
2653,1,7,7,0.64705884,0.20588236,0,0,1,0
2654,2,7,1,0.4117647,0.20588236,0,0,1,0
2655,0,13,11,0.64705884,0.29411766,0,0,1,0
2656,1,6,7,0.29411766,0.11764706,0,0,1,0
2657,2,6,7,0.1764706,0.29411766,0,0,1,0
2658,0,7,11,0.4117647,0.11764706,0,0,1,0
2659,1,12,7,0.1764706,0.29411766,0,0,1,0
2660,2,13,11,0.64705884,0.29411766,0,0,1,0
2661,0,12,1,0.1764706,0.20588236,0,0,1,0
2662,1,6,1,0.1764706,0.29411766,0,0,1,0
2663,2,12,7,0.64705884,0.11764706,0,0,1,0
2664,0,13,7,0.64705884,0.11764706,0,0,1,0
2665,1,12,7,0.1764706,0.29411766,0,0,1,0
2666,2,7,1,0.64705884,0.20588236,0,0,1,0
2667,0,12,7,0.64705884,0.11764706,0,0,1,0
2668,1,7,1,0.64705884,0.20588236,0,0,1,0
2669,2,12,11,0.1764706,0.11764706,0,0,1,0
2670,0,12,1,0.29411766,0.20588236,0,0,1,0
2671,1,13,1,0.1764706,0.11764706,0,0,1,0
2672,2,12,1,0.29411766,0.20588236,0,0,1,0
2673,0,13,11,0.64705884,0.11764706,0,0,1,0
2674,1,7,11,0.4117647,0.11764706,0,0,1,0
2675,2,6,11,0.4117647,0.20588236,0,0,1,0
2676,0,7,1,0.29411766,0.29411766,0,0,1,0
2677,1,13,7,0.4117647,0.29411766,0,0,1,0
2678,2,13,11,0.64705884,0.11764706,0,0,1,0
2679,0,12,11,0.29411766,0.29411766,0,0,1,0
2680,1,6,7,0.4117647,0.29411766,0,0,1,0
2681,2,7,1,0.64705884,0.29411766,0,0,1,0
2682,0,6,7,0.1764706,0.11764706,0,0,1,0
2683,1,7,11,0.64705884,0.29411766,0,0,1,0
2684,2,7,7,0.1764706,0.11764706,0,0,1,0
2685,0,13,11,0.4117647,0.20588236,0,0,1,0
2686,1,12,1,0.64705884,0.20588236,0,0,1,0
2687,2,13,11,0.1764706,0.20588236,0,0,1,0
2688,0,7,1,0.1764706,0.11764706,0,0,1,0
2689,1,12,1,0.4117647,0.20588236,0,0,1,0
2690,2,13,11,0.64705884,0.20588236,0,0,1,0
2691,0,6,7,0.29411766,0.11764706,0,0,1,0
2692,1,12,7,0.64705884,0.20588236,0,0,1,0
2693,2,7,11,0.4117647,0.20588236,0,0,1,0
2694,0,6,1,0.1764706,0.29411766,0,0,1,0
2695,1,6,7,0.4117647,0.11764706,0,0,1,0
2696,2,6,7,0.29411766,0.11764706,0,0,1,0
2697,0,13,1,0.4117647,0.11764706,0,0,1,0
2698,1,12,1,0.64705884,0.29411766,0,0,1,0
2699,2,13,1,0.4117647,0.11764706,0,0,1,0
2700,0,12,7,0.64705884,0.20588236,0,0,1,0
2701,1,6,1,0.1764706,0.29411766,0,0,1,0
2702,2,12,1,0.64705884,0.11764706,0,0,1,0
2703,0,6,7,0.64705884,0.11764706,0,0,1,0
2704,1,7,1,0.64705884,0.11764706,0,0,1,0
2705,2,13,1,0.4117647,0.20588236,0,0,1,0
2706,0,6,7,0.4117647,0.11764706,0,0,1,0
2707,1,6,1,0.29411766,0.11764706,0,0,1,0
2708,2,12,7,0.4117647,0.20588236,0,0,1,0
2709,0,6,1,0.29411766,0.29411766,0,0,1,0
2710,1,6,1,0.64705884,0.11764706,0,0,1,0
2711,2,12,11,0.4117647,0.11764706,0,0,1,0
2712,0,7,11,0.4117647,0.20588236,0,0,1,0
2713,1,12,1,0.29411766,0.29411766,0,0,1,0
2714,2,13,7,0.4117647,0.20588236,0,0,1,0
2715,0,13,11,0.1764706,0.29411766,0,0,1,0
2716,1,13,1,0.4117647,0.11764706,0,0,1,0
2717,2,12,11,0.1764706,0.20588236,0,0,1,0
2718,0,7,11,0.4117647,0.29411766,0,0,1,0
2719,1,7,1,0.29411766,0.11764706,0,0,1,0
2720,2,12,1,0.29411766,0.29411766,0,0,1,0
2721,0,7,11,0.64705884,0.29411766,0,0,1,0
2722,1,12,1,0.29411766,0.20588236,0,0,1,0
2723,2,7,7,0.64705884,0.20588236,0,0,1,0
2724,0,12,1,0.64705884,0.20588236,0,0,1,0
2725,1,7,11,0.29411766,0.11764706,0,0,1,0
2726,2,12,11,0.4117647,0.20588236,0,0,1,0
2727,0,6,1,0.29411766,0.11764706,0,0,1,0
2728,1,6,1,0.29411766,0.11764706,0,0,1,0
2729,2,13,1,0.1764706,0.29411766,0,0,1,0
2730,0,12,7,0.64705884,0.11764706,0,0,1,0
2731,1,12,11,0.29411766,0.20588236,0,0,1,0
2732,2,13,11,0.29411766,0.11764706,0,0,1,0
2733,0,13,7,0.29411766,0.20588236,0,0,1,0
2734,1,6,11,0.1764706,0.29411766,0,0,1,0
2735,2,12,7,0.64705884,0.29411766,0,0,1,0
2736,0,6,11,0.4117647,0.29411766,0,0,1,0
2737,1,7,11,0.4117647,0.20588236,0,0,1,0
2738,2,13,7,0.64705884,0.20588236,0,0,1,0
2739,0,13,11,0.64705884,0.11764706,0,0,1,0
2740,1,6,1,0.64705884,0.29411766,0,0,1,0
2741,2,7,1,0.1764706,0.20588236,0,0,1,0
2742,0,13,7,0.29411766,0.20588236,0,0,1,0
2743,1,12,7,0.64705884,0.29411766,0,0,1,0
2744,2,6,7,0.64705884,0.29411766,0,0,1,0
2745,0,6,7,0.4117647,0.20588236,0,0,1,0
2746,1,7,7,0.29411766,0.11764706,0,0,1,0
2747,2,7,7,0.29411766,0.11764706,0,0,1,0
2748,0,7,8,0.29411766,0.11764706,1,0,0,0
2749,1,4,2,0.64705884,0.29411766,1,0,0,0
2750,2,7,9,0.64705884,0.29411766,1,0,0,0
2751,0,7,1,0.29411766,0.29411766,1,0,0,0
2752,1,7,9,0.29411766,0.11764706,1,0,0,0
2753,2,13,8,0.4117647,0.29411766,1,0,0,0
2754,0,7,8,0.1764706,0.11764706,1,0,0,0
2755,1,13,1,0.1764706,0.11764706,1,0,0,0
2756,2,5,8,0.4117647,0.11764706,1,0,0,0
2757,0,7,1,0.64705884,0.11764706,1,0,0,0
2758,1,4,8,0.64705884,0.20588236,1,0,0,0
2759,2,7,9,0.4117647,0.20588236,1,0,0,0
2760,0,12,1,0.64705884,0.20588236,1,0,0,0
2761,1,7,8,0.64705884,0.11764706,1,0,0,0
2762,2,7,1,0.29411766,0.38235295,1,0,0,0
2763,0,4,2,0.64705884,0.20588236,1,0,0,0
2764,1,5,1,0.64705884,0.29411766,1,0,0,0
2765,2,12,2,0.1764706,0.29411766,1,0,0,0
2766,0,12,2,0.4117647,0.38235295,1,0,0,0
2767,1,4,9,0.4117647,0.38235295,1,0,0,0
2768,2,7,2,0.29411766,0.38235295,1,0,0,0
2769,0,7,9,0.64705884,0.11764706,1,0,0,0
2770,1,13,1,0.4117647,0.11764706,1,0,0,0
2771,2,7,1,0.64705884,0.20588236,1,0,0,0
2772,0,5,1,0.1764706,0.38235295,1,0,0,0
2773,1,4,2,0.1764706,0.20588236,1,0,0,0
2774,2,5,9,0.4117647,0.38235295,1,0,0,0
2775,0,5,9,0.29411766,0.38235295,1,0,0,0
2776,1,12,2,0.64705884,0.38235295,1,0,0,0
2777,2,4,9,0.1764706,0.20588236,1,0,0,0
2778,0,13,8,0.4117647,0.11764706,1,0,0,0
2779,1,7,2,0.1764706,0.20588236,1,0,0,0
2780,2,7,8,0.1764706,0.38235295,1,0,0,0
2781,0,12,2,0.29411766,0.20588236,1,0,0,0
2782,1,4,8,0.1764706,0.20588236,1,0,0,0
2783,2,12,9,0.29411766,0.29411766,1,0,0,0
2784,0,4,9,0.64705884,0.29411766,1,0,0,0
2785,1,4,9,0.64705884,0.20588236,1,0,0,0
2786,2,13,9,0.4117647,0.38235295,1,0,0,0
2787,0,12,8,0.4117647,0.29411766,1,0,0,0
2788,1,12,2,0.29411766,0.38235295,1,0,0,0
2789,2,4,1,0.1764706,0.38235295,1,0,0,0
2790,0,12,1,0.64705884,0.11764706,1,0,0,0
2791,1,13,9,0.4117647,0.20588236,1,0,0,0
2792,2,12,1,0.1764706,0.11764706,1,0,0,0
2793,0,13,1,0.29411766,0.29411766,1,0,0,0
2794,1,13,9,0.64705884,0.29411766,1,0,0,0
2795,2,13,2,0.4117647,0.11764706,1,0,0,0
2796,0,12,2,0.29411766,0.20588236,1,0,0,0
2797,1,4,9,0.4117647,0.11764706,1,0,0,0
2798,2,5,8,0.29411766,0.29411766,1,0,0,0
2799,0,13,1,0.4117647,0.20588236,1,0,0,0
2800,1,13,8,0.1764706,0.38235295,1,0,0,0
2801,2,4,1,0.64705884,0.20588236,1,0,0,0
2802,0,12,2,0.29411766,0.38235295,1,0,0,0
2803,1,12,9,0.4117647,0.11764706,1,0,0,0
2804,2,7,1,0.29411766,0.38235295,1,0,0,0
2805,0,7,1,0.64705884,0.38235295,1,0,0,0
2806,1,7,9,0.4117647,0.29411766,1,0,0,0
2807,2,13,8,0.29411766,0.29411766,1,0,0,0
2808,0,13,8,0.4117647,0.20588236,1,0,0,0
2809,1,13,1,0.4117647,0.11764706,1,0,0,0
2810,2,13,8,0.29411766,0.29411766,1,0,0,0
2811,0,4,8,0.64705884,0.20588236,1,0,0,0
2812,1,7,8,0.29411766,0.20588236,1,0,0,0
2813,2,7,8,0.1764706,0.20588236,1,0,0,0
2814,0,13,2,0.1764706,0.11764706,1,0,0,0
2815,1,13,8,0.29411766,0.38235295,1,0,0,0
2816,2,5,9,0.4117647,0.11764706,1,0,0,0
2817,0,12,8,0.4117647,0.20588236,1,0,0,0
2818,1,13,8,0.4117647,0.38235295,1,0,0,0
2819,2,5,2,0.29411766,0.11764706,1,0,0,0
2820,0,12,9,0.64705884,0.11764706,1,0,0,0
2821,1,13,1,0.1764706,0.29411766,1,0,0,0
2822,2,12,9,0.4117647,0.20588236,1,0,0,0
2823,0,12,8,0.29411766,0.11764706,1,0,0,0
2824,1,4,9,0.1764706,0.20588236,1,0,0,0
2825,2,5,9,0.1764706,0.20588236,1,0,0,0
2826,0,13,9,0.1764706,0.11764706,1,0,0,0
2827,1,5,2,0.1764706,0.20588236,1,0,0,0
2828,2,12,8,0.64705884,0.11764706,1,0,0,0
2829,0,5,1,0.4117647,0.20588236,1,0,0,0
2830,1,12,2,0.4117647,0.11764706,1,0,0,0
2831,2,7,8,0.64705884,0.20588236,1,0,0,0
2832,0,13,2,0.4117647,0.29411766,1,0,0,0
2833,1,7,9,0.1764706,0.38235295,1,0,0,0
2834,2,12,8,0.64705884,0.20588236,1,0,0,0
2835,0,12,8,0.64705884,0.29411766,1,0,0,0
2836,1,7,2,0.29411766,0.38235295,1,0,0,0
2837,2,5,8,0.64705884,0.20588236,1,0,0,0
2838,0,13,9,0.64705884,0.20588236,1,0,0,0
2839,1,7,1,0.29411766,0.29411766,1,0,0,0
2840,2,4,9,0.1764706,0.29411766,1,0,0,0
2841,0,12,8,0.4117647,0.11764706,1,0,0,0
2842,1,13,2,0.64705884,0.38235295,1,0,0,0
2843,2,12,1,0.29411766,0.11764706,1,0,0,0
2844,0,5,2,0.64705884,0.29411766,1,0,0,0
2845,1,13,8,0.4117647,0.11764706,1,0,0,0
2846,2,13,1,0.1764706,0.29411766,1,0,0,0
2847,0,4,8,0.64705884,0.11764706,1,0,0,0
2848,1,13,1,0.4117647,0.11764706,1,0,0,0
2849,2,7,2,0.64705884,0.29411766,1,0,0,0
2850,0,13,9,0.29411766,0.20588236,1,0,0,0
2851,1,4,2,0.1764706,0.11764706,1,0,0,0
2852,2,13,9,0.64705884,0.29411766,1,0,0,0
2853,0,5,8,0.64705884,0.29411766,1,0,0,0
2854,1,5,1,0.1764706,0.38235295,1,0,0,0
2855,2,4,9,0.1764706,0.20588236,1,0,0,0
2856,0,4,1,0.29411766,0.29411766,1,0,0,0
2857,1,13,2,0.1764706,0.11764706,1,0,0,0
2858,2,7,9,0.1764706,0.20588236,1,0,0,0
2859,0,12,2,0.29411766,0.29411766,1,0,0,0
2860,1,5,9,0.64705884,0.38235295,1,0,0,0
2861,2,4,8,0.4117647,0.29411766,1,0,0,0
2862,0,7,8,0.4117647,0.38235295,1,0,0,0
2863,1,5,9,0.4117647,0.29411766,1,0,0,0
2864,2,13,9,0.29411766,0.11764706,1,0,0,0
2865,0,5,1,0.1764706,0.11764706,1,0,0,0
2866,1,12,1,0.1764706,0.38235295,1,0,0,0
2867,2,4,8,0.1764706,0.11764706,1,0,0,0
2868,0,7,8,0.4117647,0.20588236,1,0,0,0
2869,1,7,2,0.29411766,0.29411766,1,0,0,0
2870,2,12,2,0.29411766,0.38235295,1,0,0,0
2871,0,7,9,0.29411766,0.29411766,1,0,0,0
2872,1,4,8,0.64705884,0.38235295,1,0,0,0
2873,2,4,9,0.1764706,0.38235295,1,0,0,0
2874,0,5,8,0.64705884,0.11764706,1,0,0,0
2875,1,13,8,0.4117647,0.38235295,1,0,0,0
2876,2,5,2,0.64705884,0.11764706,1,0,0,0
2877,0,4,8,0.1764706,0.11764706,1,0,0,0
2878,1,12,1,0.1764706,0.38235295,1,0,0,0
2879,2,7,8,0.29411766,0.20588236,1,0,0,0
2880,0,7,8,0.1764706,0.38235295,1,0,0,0
2881,1,12,9,0.4117647,0.20588236,1,0,0,0
2882,2,4,9,0.4117647,0.38235295,1,0,0,0
2883,0,12,2,0.64705884,0.38235295,1,0,0,0
2884,1,4,1,0.29411766,0.11764706,1,0,0,0
2885,2,12,9,0.29411766,0.20588236,1,0,0,0
2886,0,12,1,0.29411766,0.29411766,1,0,0,0
2887,1,13,8,0.1764706,0.38235295,1,0,0,0
2888,2,5,8,0.4117647,0.29411766,1,0,0,0
2889,0,5,1,0.1764706,0.20588236,1,0,0,0
2890,1,5,2,0.29411766,0.29411766,1,0,0,0
2891,2,5,2,0.4117647,0.11764706,1,0,0,0
2892,0,5,2,0.64705884,0.38235295,1,0,0,0
2893,1,5,9,0.29411766,0.20588236,1,0,0,0
2894,2,5,2,0.64705884,0.38235295,1,0,0,0
2895,0,4,1,0.4117647,0.38235295,1,0,0,0
2896,1,13,8,0.4117647,0.38235295,1,0,0,0
2897,2,13,9,0.4117647,0.29411766,1,0,0,0
2898,0,13,6,0.64705884,0.20588236,0,0,0,1
2899,1,13,1,0.1764706,0.20588236,0,0,0,1
2900,2,13,4,0.1764706,0.20588236,0,0,0,1
2901,0,13,1,0.64705884,0.11764706,0,0,0,1
2902,1,7,1,0.64705884,0.20588236,0,0,0,1
2903,2,13,1,0.29411766,0.20588236,0,0,0,1
2904,0,12,6,0.29411766,0.29411766,0,0,0,1
2905,1,0,1,0.64705884,0.05882353,0,0,0,1
2906,2,0,1,0.4117647,0.29411766,0,0,0,1
2907,0,7,4,0.29411766,0.05882353,0,0,0,1
2908,1,0,1,0.64705884,0.11764706,0,0,0,1
2909,2,7,6,0.1764706,0.05882353,0,0,0,1
2910,0,0,1,0.4117647,0.20588236,0,0,0,1
2911,1,7,6,0.4117647,0.05882353,0,0,0,1
2912,2,13,6,0.64705884,0.05882353,0,0,0,1
2913,0,0,6,0.4117647,0.20588236,0,0,0,1
2914,1,12,1,0.29411766,0.11764706,0,0,0,1
2915,2,12,6,0.29411766,0.11764706,0,0,0,1
2916,0,13,1,0.4117647,0.29411766,0,0,0,1
2917,1,0,4,0.4117647,0.29411766,0,0,0,1
2918,2,13,6,0.4117647,0.20588236,0,0,0,1
2919,0,0,6,0.64705884,0.29411766,0,0,0,1
2920,1,0,4,0.29411766,0.20588236,0,0,0,1
2921,2,12,4,0.4117647,0.20588236,0,0,0,1
2922,0,13,6,0.4117647,0.29411766,0,0,0,1
2923,1,12,1,0.4117647,0.05882353,0,0,0,1
2924,2,13,6,0.64705884,0.05882353,0,0,0,1
2925,0,0,4,0.29411766,0.29411766,0,0,0,1
2926,1,13,1,0.29411766,0.05882353,0,0,0,1
2927,2,13,6,0.29411766,0.05882353,0,0,0,1
2928,0,7,1,0.64705884,0.29411766,0,0,0,1
2929,1,12,4,0.29411766,0.20588236,0,0,0,1
2930,2,13,4,0.4117647,0.29411766,0,0,0,1
2931,0,7,4,0.4117647,0.20588236,0,0,0,1
2932,1,12,4,0.64705884,0.29411766,0,0,0,1
2933,2,7,6,0.29411766,0.20588236,0,0,0,1
2934,0,12,4,0.1764706,0.20588236,0,0,0,1
2935,1,0,6,0.4117647,0.29411766,0,0,0,1
2936,2,12,6,0.64705884,0.11764706,0,0,0,1
2937,0,13,4,0.4117647,0.11764706,0,0,0,1
2938,1,12,6,0.1764706,0.05882353,0,0,0,1
2939,2,12,6,0.4117647,0.20588236,0,0,0,1
2940,0,12,1,0.64705884,0.20588236,0,0,0,1
2941,1,0,4,0.29411766,0.11764706,0,0,0,1
2942,2,0,6,0.4117647,0.05882353,0,0,0,1
2943,0,12,6,0.1764706,0.11764706,0,0,0,1
2944,1,12,1,0.4117647,0.20588236,0,0,0,1
2945,2,12,1,0.1764706,0.05882353,0,0,0,1
2946,0,0,1,0.29411766,0.05882353,0,0,0,1
2947,1,7,1,0.64705884,0.20588236,0,0,0,1
2948,2,0,1,0.64705884,0.20588236,0,0,0,1
2949,0,13,1,0.64705884,0.11764706,0,0,0,1
2950,1,12,6,0.1764706,0.11764706,0,0,0,1
2951,2,12,4,0.64705884,0.05882353,0,0,0,1
2952,0,13,4,0.4117647,0.20588236,0,0,0,1
2953,1,0,1,0.64705884,0.11764706,0,0,0,1
2954,2,13,6,0.4117647,0.20588236,0,0,0,1
2955,0,12,6,0.64705884,0.11764706,0,0,0,1
2956,1,0,1,0.64705884,0.11764706,0,0,0,1
2957,2,12,1,0.29411766,0.20588236,0,0,0,1
2958,0,0,6,0.4117647,0.05882353,0,0,0,1
2959,1,0,1,0.1764706,0.05882353,0,0,0,1
2960,2,7,6,0.1764706,0.20588236,0,0,0,1
2961,0,7,1,0.4117647,0.20588236,0,0,0,1
2962,1,0,6,0.4117647,0.20588236,0,0,0,1
2963,2,7,6,0.29411766,0.29411766,0,0,0,1
2964,0,7,1,0.29411766,0.29411766,0,0,0,1
2965,1,12,1,0.1764706,0.20588236,0,0,0,1
2966,2,13,1,0.29411766,0.20588236,0,0,0,1
2967,0,7,6,0.4117647,0.29411766,0,0,0,1
2968,1,7,1,0.29411766,0.11764706,0,0,0,1
2969,2,13,1,0.1764706,0.20588236,0,0,0,1
2970,0,12,1,0.29411766,0.29411766,0,0,0,1
2971,1,12,4,0.4117647,0.11764706,0,0,0,1
2972,2,0,6,0.29411766,0.20588236,0,0,0,1
2973,0,12,4,0.29411766,0.20588236,0,0,0,1
2974,1,13,1,0.4117647,0.11764706,0,0,0,1
2975,2,13,4,0.29411766,0.05882353,0,0,0,1
2976,0,7,6,0.1764706,0.20588236,0,0,0,1
2977,1,0,4,0.1764706,0.11764706,0,0,0,1
2978,2,13,6,0.64705884,0.20588236,0,0,0,1
2979,0,12,1,0.1764706,0.05882353,0,0,0,1
2980,1,7,4,0.4117647,0.05882353,0,0,0,1
2981,2,0,6,0.64705884,0.29411766,0,0,0,1
2982,0,13,1,0.29411766,0.11764706,0,0,0,1
2983,1,12,1,0.1764706,0.20588236,0,0,0,1
2984,2,13,4,0.29411766,0.29411766,0,0,0,1
2985,0,0,4,0.4117647,0.05882353,0,0,0,1
2986,1,0,6,0.4117647,0.20588236,0,0,0,1
2987,2,7,1,0.29411766,0.29411766,0,0,0,1
2988,0,12,4,0.29411766,0.05882353,0,0,0,1
2989,1,12,4,0.4117647,0.20588236,0,0,0,1
2990,2,12,6,0.64705884,0.05882353,0,0,0,1
2991,0,13,4,0.29411766,0.20588236,0,0,0,1
2992,1,12,6,0.4117647,0.29411766,0,0,0,1
2993,2,7,4,0.1764706,0.05882353,0,0,0,1
2994,0,7,6,0.4117647,0.11764706,0,0,0,1
2995,1,12,1,0.4117647,0.11764706,0,0,0,1
2996,2,7,4,0.4117647,0.29411766,0,0,0,1
2997,0,7,4,0.29411766,0.20588236,0,0,0,1
2998,1,7,1,0.29411766,0.05882353,0,0,0,1
2999,2,7,4,0.29411766,0.11764706,0,0,0,1
3000,0,0,4,0.4117647,0.29411766,0,0,0,1
3001,1,0,4,0.4117647,0.20588236,0,0,0,1
3002,2,12,1,0.64705884,0.29411766,0,0,0,1
3003,0,13,1,0.4117647,0.11764706,0,0,0,1
3004,1,7,6,0.29411766,0.11764706,0,0,0,1
3005,2,0,1,0.29411766,0.29411766,0,0,0,1
3006,0,12,4,0.29411766,0.29411766,0,0,0,1
3007,1,7,6,0.29411766,0.20588236,0,0,0,1
3008,2,12,4,0.4117647,0.11764706,0,0,0,1
3009,0,7,6,0.29411766,0.05882353,0,0,0,1
3010,1,13,6,0.4117647,0.11764706,0,0,0,1
3011,2,13,6,0.64705884,0.20588236,0,0,0,1
3012,0,12,4,0.64705884,0.05882353,0,0,0,1
3013,1,13,6,0.29411766,0.29411766,0,0,0,1
3014,2,7,6,0.64705884,0.20588236,0,0,0,1
3015,0,0,4,0.29411766,0.29411766,0,0,0,1
3016,1,7,4,0.64705884,0.05882353,0,0,0,1
3017,2,13,6,0.29411766,0.11764706,0,0,0,1
3018,0,12,6,0.64705884,0.05882353,0,0,0,1
3019,1,0,4,0.29411766,0.29411766,0,0,0,1
3020,2,13,1,0.64705884,0.20588236,0,0,0,1
3021,0,12,4,0.1764706,0.05882353,0,0,0,1
3022,1,12,1,0.1764706,0.11764706,0,0,0,1
3023,2,0,1,0.29411766,0.05882353,0,0,0,1
3024,0,7,4,0.29411766,0.05882353,0,0,0,1
3025,1,0,4,0.4117647,0.11764706,0,0,0,1
3026,2,0,1,0.1764706,0.29411766,0,0,0,1
3027,0,12,4,0.4117647,0.11764706,0,0,0,1
3028,1,0,1,0.1764706,0.11764706,0,0,0,1
3029,2,12,4,0.4117647,0.05882353,0,0,0,1
3030,0,0,1,0.29411766,0.05882353,0,0,0,1
3031,1,7,4,0.4117647,0.11764706,0,0,0,1
3032,2,13,4,0.1764706,0.11764706,0,0,0,1
3033,0,13,4,0.29411766,0.11764706,0,0,0,1
3034,1,12,6,0.1764706,0.11764706,0,0,0,1
3035,2,13,1,0.64705884,0.05882353,0,0,0,1
3036,0,0,1,0.64705884,0.11764706,0,0,0,1
3037,1,12,4,0.1764706,0.20588236,0,0,0,1
3038,2,0,4,0.4117647,0.20588236,0,0,0,1
3039,0,0,4,0.1764706,0.05882353,0,0,0,1
3040,1,0,6,0.4117647,0.11764706,0,0,0,1
3041,2,7,6,0.1764706,0.20588236,0,0,0,1
3042,0,13,1,0.1764706,0.05882353,0,0,0,1
3043,1,12,6,0.4117647,0.29411766,0,0,0,1
3044,2,13,1,0.4117647,0.11764706,0,0,0,1
3045,0,7,6,0.4117647,0.20588236,0,0,0,1
3046,1,0,1,0.29411766,0.20588236,0,0,0,1
3047,2,7,4,0.4117647,0.20588236,0,0,0,1
